{"timestamp": 1747905620, "station": "Smile FM", "fingerprint": [[0.5701096057891846, 0.50846143179545, 0.49245578050613403, -4.880832672119141], [0.5620660185813904, 0.5097175951637777, 0.47791606187820435, -5.004253387451172], [0.5709420442581177, 0.5067547778069481, 0.4911109209060669, -4.868159770965576], [0.5711331963539124, 0.4913071561334401, 0.4940510392189026, -4.865251541137695], [0.5887609720230103, 0.5051798053716425, 0.5081287026405334, -4.601219654083252], [0.577552318572998, 0.5015020268026753, 0.4967774748802185, -4.7681732177734375], [0.5751765370368958, 0.5026166390196123, 0.4974212646484375, -4.803976535797119], [0.5670068860054016, 0.49383646654540253, 0.4879581928253174, -4.9282331466674805], [0.5769689083099365, 0.4839237207563085, 0.5011332631111145, -4.776951789855957], [0.5796529650688171, 0.493031298916005, 0.5005101561546326, -4.73663854598999], [0.604389488697052, 0.4982201520749144, 0.5209801197052002, -4.373661994934082], [0.5716431736946106, 0.5045954686038157, 0.4875977635383606, -4.857499599456787], [0.5645796656608582, 0.5074890728452675, 0.48803895711898804, -4.965495586395264], [0.5780182480812073, 0.4920365704367201, 0.5015708208084106, -4.761168956756592], [0.5677267909049988, 0.5030431375119293, 0.4843875765800476, -4.917212009429932], [0.5846481323242188, 0.4946413328009622, 0.5020521879196167, -4.662108898162842], [0.5708974599838257, 0.49881171100269683, 0.49211186170578003, -4.868837833404541], [0.5738562941551208, 0.4934135386380876, 0.49555128812789917, -4.823936939239502], [0.5897760391235352, 0.4928443322046882, 0.5163850784301758, -4.586257457733154], [0.5750813484191895, 0.49550261765378356, 0.4915752410888672, -4.805414199829102], [0.5759488940238953, 0.49234104037260906, 0.4954167604446411, -4.79232120513916], [0.5842090845108032, 0.5023820418774516, 0.5025815367698669, -4.668633937835693], [0.5635280013084412, 0.4903265736066273, 0.48919677734375, -4.981689929962158], [0.5737475156784058, 0.5050655033726568, 0.48856669664382935, -4.825583457946777], [0.5775330662727356, 0.4822223776301312, 0.4998878836631775, -4.768462657928467], [0.5892845392227173, 0.49801597202476183, 0.5095476508140564, -4.593499183654785], [0.5742031335830688, 0.49882876356562184, 0.4927062392234802, -4.818688869476318], [0.6018183827400208, 0.49232326140288, 0.5281785130500793, -4.410690784454346], [0.5662981271743774, 0.5015421757921642, 0.48572784662246704, -4.9390974044799805], [0.5765862464904785, 0.5124812940637543, 0.4993625283241272, -4.782714366912842], [0.5852108597755432, 0.4947250527508697, 0.5087738037109375, -4.653752326965332], [0.5824916362762451, 0.5081966027623965, 0.5064661502838135, -4.694206237792969], [0.565172553062439, 0.5013581904815709, 0.48512399196624756, -4.95637845993042], [0.5804944038391113, 0.49665024320226653, 0.49632376432418823, -4.724039077758789], [0.5825363397598267, 0.4868540813852175, 0.5009706616401672, -4.693539619445801], [0.5561239123344421, 0.5037067586520579, 0.47857654094696045, -5.096568584442139], [0.5816576480865479, 0.5108660188561841, 0.4979044795036316, -4.706651210784912], [0.5836372375488281, 0.4920719260748762, 0.49843358993530273, -4.677140235900879], [0.5598058700561523, 0.49967601074625695, 0.48231184482574463, -5.03925085067749], [0.5596356391906738, 0.509805043721375, 0.47637295722961426, -5.0418925285339355], [0.5911828875541687, 0.48215093590965946, 0.513798177242279, -4.565562725067139], [0.5316689610481262, 0.501194273587662, 0.4496042728424072, -5.487174034118652], [0.6006645560264587, 0.48949073980694735, 0.5232470631599426, -4.4273600578308105], [0.5902113914489746, 0.5039008564805447, 0.5101109147071838, -4.579848289489746], [0.5807822346687317, 0.5024393800442888, 0.5034993290901184, -4.719733715057373], [0.5616704821586609, 0.48936173196763566, 0.47588372230529785, -5.010368347167969], [0.5661172270774841, 0.5034429884402244, 0.482766330242157, -4.941872596740723], [0.5687269568443298, 0.49629380796563066, 0.4869086742401123, -4.901923656463623], [0.5697574019432068, 0.49504636028260485, 0.48732560873031616, -4.886200428009033], [0.5542954206466675, 0.4968185308616873, 0.4738997220993042, -5.125174045562744], [0.5662888884544373, 0.5059769946520821, 0.4859837293624878, -4.939239501953125], [0.5899081826210022, 0.48541289580681213, 0.5046386122703552, -4.584311485290527], [0.5753976106643677, 0.5008943057462362, 0.49854427576065063, -4.800638675689697], [0.583841860294342, 0.49658507045671596, 0.5066123604774475, -4.674095630645752], [0.5569019317626953, 0.4973107084556997, 0.4725196957588196, -5.084425926208496], [0.5597761869430542, 0.4915347137863494, 0.48100799322128296, -5.0397114753723145], [0.573724627494812, 0.4971729189900499, 0.49024176597595215, -4.825930118560791], [0.5814257264137268, 0.5009265015243448, 0.5030689835548401, -4.710115432739258], [0.5758246183395386, 0.5072590179083796, 0.49425554275512695, -4.794195175170898], [0.5716188549995422, 0.4695251489256025, 0.49085932970046997, -4.8578691482543945], [0.5993640422821045, 0.49099936589534837, 0.5202869176864624, -4.446186542510986], [0.591768205165863, 0.4927181782703961, 0.5135707855224609, -4.556967258453369], [0.5647733211517334, 0.5149627213296111, 0.48368382453918457, -4.9625163078308105], [0.5683391690254211, 0.5053988826017742, 0.4815446734428406, -4.907848358154297], [0.5714371204376221, 0.5068062928075907, 0.491784930229187, -4.860630989074707], [0.5690620541572571, 0.5096407051604117, 0.4843714237213135, -4.8968071937561035], [0.5580390095710754, 0.5107845267842576, 0.4747844934463501, -5.066709041595459], [0.5578020811080933, 0.5047847210909261, 0.47749537229537964, -5.07039737701416], [0.5769118666648865, 0.5000368615595636, 0.4956560730934143, -4.777810573577881], [0.5975325703620911, 0.5099609783111335, 0.5240484476089478, -4.472768306732178], [0.5720437169075012, 0.49370867905542687, 0.4915202856063843, -4.851415634155273], [0.5750085711479187, 0.5126173935957851, 0.4935070276260376, -4.80651330947876], [0.5511851906776428, 0.4993426693720861, 0.471717894077301, -5.174049377441406], [0.5710992813110352, 0.4868353505284998, 0.4883608818054199, -4.865767478942871], [0.5730195045471191, 0.501382991444545, 0.4963653087615967, -4.836612224578857], [0.577704906463623, 0.49681656273246516, 0.4987834692001343, -4.765878677368164], [0.5618857741355896, 0.5067446783717239, 0.4851859211921692, -5.0070390701293945], [0.5620843768119812, 0.4896789389432811, 0.4814531207084656, -5.003969669342041], [0.5666515231132507, 0.5072603436194193, 0.4928979277610779, -4.93367862701416], [0.5573931336402893, 0.4941474652238684, 0.4764992594718933, -5.076767921447754], [0.5896733999252319, 0.5035336478231405, 0.5166977047920227, -4.587769031524658], [0.5673427581787109, 0.48817284540886924, 0.4850149154663086, -4.923089981079102], [0.5774156451225281, 0.5015065607413135, 0.49647659063339233, -4.770229339599609], [0.570923388004303, 0.5075851530105329, 0.49245595932006836, -4.868443489074707], [0.5835118293762207, 0.5130201212139489, 0.5039852261543274, -4.679006576538086], [0.5580902099609375, 0.48931997222977924, 0.47659069299697876, -5.065912246704102], [0.5680813193321228, 0.5065502223552946, 0.4879329800605774, -4.911789894104004], [0.5796841382980347, 0.5093948717027649, 0.4951387047767639, -4.736171722412109], [0.5831992030143738, 0.5005520745431102, 0.5014572739601135, -4.683661460876465], [0.5700821876525879, 0.500216724522741, 0.490139365196228, -4.881250381469727], [0.566399097442627, 0.4927775953805666, 0.48592841625213623, -4.937549114227295], [0.556130051612854, 0.4959930507976787, 0.4831022620201111, -5.09647274017334], [0.5461825728416443, 0.4948891230412413, 0.46271973848342896, -5.253243446350098], [0.5722218155860901, 0.49807083108120004, 0.48894238471984863, -4.848711967468262], [0.591300904750824, 0.5270274181226611, 0.5101026296615601, -4.563828945159912], [0.5930202007293701, 0.4997807256299636, 0.5168129205703735, -4.538610458374023], [0.5846406817436218, 