{"timestamp": 1747905673, "station": "KFM", "fingerprint": [[0.5570071339607239, 0.5112509507688976, 0.4761316180229187, -5.082784652709961], [0.5660441517829895, 0.5017259749840405, 0.47750699520111084, -4.942993640899658], [0.5617119669914246, 0.5011087970322106, 0.4742565155029297, -5.009726524353027], [0.5746693015098572, 0.48261289076341046, 0.4918738007545471, -4.81164026260376], [0.5665018558502197, 0.5038550139468394, 0.4847583770751953, -4.935973167419434], [0.5666390657424927, 0.4974178797259423, 0.48412537574768066, -4.9338698387146], [0.5623894333839417, 0.505829511640897, 0.4762607216835022, -4.9992570877075195], [0.5855593681335449, 0.49750716640056614, 0.5055943131446838, -4.648581504821777], [0.5665789246559143, 0.4950767328625899, 0.4876067042350769, -4.934791564941406], [0.5768672823905945, 0.5112096284368325, 0.504454493522644, -4.778481483459473], [0.5785488486289978, 0.5029909463359598, 0.49985355138778687, -4.753199100494385], [0.5742362141609192, 0.5000044725702241, 0.49513185024261475, -4.818188667297363], [0.5720704793930054, 0.4991806447708655, 0.49239301681518555, -4.851009368896484], [0.5596737861633301, 0.49315763429015674, 0.47773468494415283, -5.0413007736206055], [0.5715330839157104, 0.4970098599045981, 0.49310338497161865, -4.859172344207764], [0.5714942216873169, 0.4929120069980167, 0.4846309423446655, -4.859763145446777], [0.5612572431564331, 0.49081491677439704, 0.48337429761886597, -5.01676082611084], [0.5784533023834229, 0.5035114609098362, 0.5072985887527466, -4.754633903503418], [0.5909874439239502, 0.49658244282571157, 0.5102668404579163, -4.568434715270996], [0.5822925567626953, 0.5096508783480712, 0.5003921389579773, -4.6971755027771], [0.5779464244842529, 0.49127573501935246, 0.5034034252166748, -4.762248516082764], [0.5637022852897644, 0.5034718039695371, 0.4843851327896118, -4.97900390625], [0.5680431723594666, 0.5142553443995702, 0.4893627166748047, -4.912373065948486], [0.6011268496513367, 0.4811861487560173, 0.5224824547767639, -4.420677185058594], [0.5862637162208557, 0.5040623637646032, 0.5015134215354919, -4.638139724731445], [0.5592688322067261, 0.4971898899707006, 0.4790042042732239, -5.047587871551514], [0.5554410219192505, 0.5011058322233923, 0.47749072313308716, -5.107240676879883], [0.5635311603546143, 0.49117482699624987, 0.48081791400909424, -4.9816412925720215], [0.58327317237854, 0.49679687040862097, 0.5062717199325562, -4.682559967041016], [0.5640450716018677, 0.5033020477174113, 0.48041707277297974, -4.973723888397217], [0.5726844668388367, 0.5048560014879353, 0.4883306622505188, -4.841691970825195], [0.5656797289848328, 0.5151467204091698, 0.4850320816040039, -4.948587894439697], [0.575508177280426, 0.4960073471639661, 0.49184614419937134, -4.798969745635986], [0.5671465396881104, 0.4942222879427415, 0.4891718626022339, -4.9260945320129395], [0.5738376975059509, 0.5026819211470158, 0.4993581175804138, -4.824218273162842], [0.5585209131240845, 0.508084992237711, 0.47429972887039185, -5.059211254119873], [0.5673345327377319, 0.4965984044879763, 0.47957199811935425, -4.923215389251709], [0.5844895839691162, 0.4765764546789028, 0.5039575099945068, -4.664464473724365], [0.5695264339447021, 0.5157521977369133, 0.4891785979270935, -4.8897223472595215], [0.5741145610809326, 0.5041426701146056, 0.4874069094657898, -4.820028781890869], [0.5560654997825623, 0.5034871873714581, 0.47112929821014404, -5.097480773925781], [0.5589749813079834, 0.49727670874041324, 0.4825420379638672, -5.052152633666992], [0.5900882482528687, 0.4812383341416067, 0.510690450668335, -4.581660747528076], [0.5644130706787109, 0.5190791838120897, 0.4893699288368225, -4.9680585861206055], [0.5855253338813782, 0.4971671032721633, 0.5113095641136169, -4.6490864753723145], [0.5845834612846375, 0.49088335813696954, 0.507908821105957, -4.663069725036621], [0.5717450976371765, 0.49219007728264075, 0.49058592319488525, -4.855951309204102], [0.55302894115448, 0.5042151028825584, 0.471988320350647, -5.145042419433594], [0.5551131963729858, 0.49924135016599946, 0.47198963165283203, -5.112369060516357], [0.6012847423553467, 0.510816769747923, 0.5253669023513794, -4.418396472930908], [0.5737402439117432, 0.486691982053608, 0.49758267402648926, -4.825693607330322], [0.5792936682701111, 0.49836200133798075, 0.5052691102027893, -4.7420244216918945], [0.5803947448730469, 0.49129598648868145, 0.5102680921554565, -4.725530624389648], [0.5599422454833984, 0.4853243820319192, 0.4803732633590698, -5.037135601043701], [0.5663759708404541, 0.5012768770876941, 0.4849592447280884, -4.93790340423584], [0.5829530954360962, 0.4984880235174114, 0.5072229504585266, -4.687327861785889], [0.5656973719596863, 0.49877088884248344, 0.49062955379486084, -4.94831657409668], [0.561029851436615, 0.496706434728396, 0.4844493269920349, -5.020280361175537], [0.5702016353607178, 0.49168618513207335, 0.4904329180717468, -4.879430770874023], [0.5746849179267883, 0.5008544348634378, 0.4936087727546692, -4.811404228210449], [0.5706894993782043, 0.4946037687453943, 0.49237531423568726, -4.872002124786377], [0.5692631602287292, 0.506083812769191, 0.48864465951919556, -4.893738269805908], [0.572442889213562, 0.49431385853407384, 0.49186569452285767, -4.845356464385986], [0.5731966495513916, 0.4894112081733016, 0.48967480659484863, -4.833927154541016], [0.5691134333610535, 0.484978781843383, 0.48916196823120117, -4.896023273468018], [0.5620536208152771, 0.4874632108174562, 0.4824720025062561, -5.004444599151611], [0.587506115436554, 0.49499033009872717, 0.5134535431861877, -4.619751930236816], [0.5596092939376831, 0.5061849161350539, 0.4767224192619324, -5.042301177978516], [0.5719470381736755, 0.5061580540373124, 0.4896230697631836, -4.852883815765381], [0.412472128868103, 0.4992661318534965, 0.2540026903152466, -7.692107677459717], [0.0, 0.0, 0.0, -200.0], [0.0, 0.0, 0.0, -200.0], [0.0, 0.0, 0.0, -200.0], [0.0, 0.0, 0.0, -200.0], [0.0, 0.0, 0.0, -200.0], [0.0, 0.0, 0.0, -200.0], [0.0, 0.0, 0.0, -200.0], [0.0, 0.0, 0.0, -200.0], [0.0, 0.0, 0.0, -200.0], [0.0, 0.0, 0.0, -200.0], [0.0, 0.0, 0.0, -200.0], [0.0, 0.0, 0.0, -200.0], [0.0, 0.0, 0.0, -200.0], [0.0, 0.0, 0.0, -200.0], [0.0, 0.0, 0.0, -200.0], [0.0, 0.0, 0.0, -200.0], [0.0, 0.0, 0.0, -200.0], [0.0, 0.0, 0.0, -200.0], [0.0, 0.0, 0.0, -200.0], [0.0, 0.0, 0.0, -200.0], [0.0, 0.0, 0.0, -200.0], [0.0, 0.0, 0.0, -200.0], [0.0, 0.0, 0.0, -200.0], [0.0, 0.0, 0.0, -200.0], [0.0, 0.0, 0.0, -200.0], [0.0, 0.0, 0.0, -200.0], [0.0, 0.0, 0.0, -200.0], [0.0, 0.0, 0.0, -200.0], [0.0, 0.0, 0.0, -200.0], [0.0, 0.0, 0.0, -200.0], [0.0, 0.0, 0.0, -200.0], [0.0, 0.0, 0.0, -200.0], [0.0, 0.0, 0.0, -200.0], [0.0, 0.0, 0.0, -200.0], [0.0, 0.0, 0.0, -200.0], [0.0, 0.0, 0.0, -200.0], [0.0, 0.0, 0.0, -200.0], [0.0, 0.0, 0.0, -200.0], [0.0, 0.0, 0.0, -200.0], [0.0, 0.0, 0.0, -200.0], [0.0, 0.0, 0.0, -200.0], [0.0, 0.0, 0.0, -200.0], [0.0, 0.0, 0.0, -200.0], [0.0, 0.0, 0.0, -200.0], [0.0, 0.0, 0.0, -200.0], [0.0, 0.0, 0.0, -200.0], [0.0, 0.0, 0.0, -200.0], [0.0, 0.0, 0.0, -200.0], [0.0, 0.0, 0.0, -200.0], [0.0, 0.0, 0.0, -200.0], [0.0, 0.0, 0.0, -200.0], [0.0, 0.0, 0.0, -200.0], [0.0, 0.0, 0.0, -200.0], [0.0, 0.0, 0.0, -200.0], [0.0, 0.0, 0.0, -200.0], [0.0, 0.0, 0.0, -200.0], [0.0, 0.0, 0.0, -200.0], [0.0, 0.0, 0.0, -200.0], [0.0, 0.0, 0.0, -200.0], [0.0, 0.0, 0.0, -200.0], [0.0, 0.0, 0.0, -200.0], [0.0, 0.0, 0.0, -200.0], [0.0, 0.0, 0.0, -200.0], [0.0, 0.0, 0.0, -200.0], [0.0, 0.0, 0.0, -200.0], [0.0, 0.0, 0.0, -200.0], [0.0, 0.0, 0.0, -200.0], [0.0, 0.0, 0.0, -200.0], [0.0, 0.0, 0.0, -200.0], [0.0, 0.0, 0.0, -200.0], [0.0, 0.0, 0.0, -200.0], [0.0, 0.0, 0.0, -200.0], [0.0, 0.0, 0.0, -200.0], [0.0, 0.0, 0.0, -200.0], [0.0, 0.0, 0.0, -200.0], [0.0, 0.0, 0.0, -200.0], [0.0, 0.0, 0.0, -200.0], [0.0, 0.0, 0.0, -200.0], [0.0, 0.0, 0.0, -200.0], [0.0, 0.0, 0.0, -200.0], [0.0, 0.0, 0.0, -200.0], [0.0, 0.0, 0.0, -200.0], [0.0, 0.0, 0.0, -200.0], [0.0, 0.0, 0.0, -200.0], [0.0, 0.0, 0.0, -200.0], [0.0, 0.0, 0.0, -200.0], [0.0, 0.0, 0.0, 0.0], [0.0, 0.0,