{"timestamp": 1747905748, "station": "KFM", "fingerprint": [[0.5703263878822327, 0.48202263603339024, 0.4883321523666382, -4.877530574798584], [0.5401697754859924, 0.4979204937807165, 0.4532238245010376, -5.349394798278809], [0.577991247177124, 0.502911198420209, 0.49613380432128906, -4.761574745178223], [0.5479415059089661, 0.5069887133174263, 0.47094041109085083, -5.225316047668457], [0.556420087814331, 0.49709488157062853, 0.4817412495613098, -5.091943740844727], [0.5780582427978516, 0.4969107454227424, 0.4935861825942993, -4.760568141937256], [0.5631241798400879, 0.48935913299610295, 0.4830365777015686, -4.987916469573975], [0.554812490940094, 0.5080209655998602, 0.46962666511535645, -5.117075443267822], [0.5800045728683472, 0.49513256579458736, 0.5013314485549927, -4.731371879577637], [0.566454291343689, 0.47537828571614216, 0.48596101999282837, -4.936702728271484], [0.5518233180046082, 0.5074838803061902, 0.4671022295951843, -5.163999080657959], [0.5597838163375854, 0.49379293549355374, 0.47699636220932007, -5.039592742919922], [0.5828720927238464, 0.505347991808989, 0.4991735816001892, -4.688534736633301], [0.5809849500656128, 0.5063410137577151, 0.49956297874450684, -4.716702461242676], [0.5614163279533386, 0.48990325379401395, 0.4810717701911926, -5.014299392700195], [0.5837126970291138, 0.4986803398551767, 0.5070726275444031, -4.6760172843933105], [0.5367039442062378, 0.4930374721752532, 0.4594745635986328, -5.405304431915283], [0.5723505616188049, 0.4914753409660001, 0.4890322685241699, -4.846757888793945], [0.5805482864379883, 0.5017593241191359, 0.49775516986846924, -4.723233222961426], [0.5777342915534973, 0.5116589260174099, 0.49390655755996704, -4.765437126159668], [0.5714126229286194, 0.5035800790665058, 0.4872061610221863, -4.861003398895264], [0.5536647439002991, 0.5141317140139815, 0.46861153841018677, -5.135062217712402], [0.564311683177948, 0.5091135474862174, 0.47435224056243896, -4.969619274139404], [0.5643434524536133, 0.5055929317200438, 0.4715922474861145, -4.969130039215088], [0.5899935364723206, 0.5119599207701958, 0.4971979260444641, -4.583054542541504], [0.587820291519165, 0.485041067265989, 0.5088167190551758, -4.615108489990234], [0.5757469534873962, 0.49987501455413813, 0.49170321226119995, -4.795367240905762], [0.5704465508460999, 0.4810351752885209, 0.4842630624771118, -4.875700950622559], [0.5640488862991333, 0.5072072457591156, 0.47955602407455444, -4.973665237426758], [0.576806366443634, 0.4839462642253783, 0.49839282035827637, -4.7793989181518555], [0.5675210356712341, 0.48664458307394876, 0.4854019284248352, -4.920360565185547], [0.5455729365348816, 0.49303505804541087, 0.4610971212387085, -5.262943267822266], [0.5650741457939148, 0.4874071193231264, 0.48842161893844604, -4.95789098739624], [0.5708991885185242, 0.5010642276821551, 0.48953574895858765, -4.86881160736084], [0.5590333342552185, 0.4978873751124095, 0.47730231285095215, -5.05124568939209], [0.553368091583252, 0.4944287903097602, 0.47178971767425537, -5.1397175788879395], [0.5777676701545715, 0.5247208891231746, 0.49456244707107544, -4.764935493469238], [0.5454314947128296, 0.5046244327158665, 0.4630163908004761, -5.265195846557617], [0.5602373480796814, 0.4834910462491445, 0.47392773628234863, -5.032558917999268], [0.5775166749954224, 0.4917725230877403, 0.4966013431549072, -4.768709659576416], [0.5664311647415161, 0.48043512315854586, 0.4827386140823364, -4.937057018280029], [0.5721638798713684, 0.48773317039837694, 0.4919154644012451, -4.849591255187988], [0.5563656091690063, 0.5024203728711918, 0.4709314703941345, -5.092794418334961], [0.5608241558074951, 0.5016542284352166, 0.48015904426574707, -5.023465633392334], [0.5703133344650269, 0.4907712638144935, 0.48562443256378174, -4.877729415893555], [0.5486032962799072, 0.5215781478781477, 0.4658595323562622, -5.214831829071045], [0.552527129650116, 0.5067411407381376, 0.4651574492454529, -5.152927398681641], [0.566633939743042, 0.49693036026506443, 0.48583656549453735, -4.933948040008545], [0.5762264132499695, 0.5094440355201185, 0.49700862169265747, -4.788136959075928], [0.5888683795928955, 0.5252037049345522, 0.5053971409797668, -4.599635124206543], [0.5746621489524841, 0.5011424055573103, 0.49586278200149536, -4.811748504638672], [0.5788194537162781, 0.4988837201934576, 0.49912095069885254, -4.749137878417969], [0.5829747915267944, 0.4866812368256152, 0.5041085481643677, -4.687004566192627], [0.5664198994636536, 0.4871374608356488, 0.4829673767089844, -4.937230110168457], [0.5580672025680542, 0.5066465209332756, 0.47982436418533325, -5.066270351409912], [0.5576649308204651, 0.4979448840610918, 0.4765562415122986, -5.07253360748291], [0.5688736438751221, 0.49732365945114515, 0.48130589723587036, -4.899683475494385], [0.5896174311637878, 0.49392661527838955, 0.5076615810394287, -4.58859395980835], [0.5627716183662415, 0.500559009320124, 0.4786457419395447, -4.993356227874756], [0.5715388059616089, 0.49867517106787235, 0.4852229952812195, -4.859085559844971], [0.5619244575500488, 0.49171391173566475, 0.474543035030365, -5.006441593170166], [0.5642876029014587, 0.4984127788094179, 0.47517138719558716, -4.969989776611328], [0.5761516094207764, 0.49828315222283, 0.4922311305999756, -4.789264678955078], [0.551193356513977, 0.5051801538518454, 0.45969194173812866, -5.173920631408691], [0.577602207660675, 0.5071629733407804, 0.48958760499954224, -4.767423152923584], [0.5795415639877319, 0.5028004864350347, 0.49218153953552246, -4.738307952880859], [0.5497646331787109, 0.4950838618192729, 0.46951305866241455, -5.1964640617370605], [0.5633233785629272, 0.4806769570380687, 0.48379164934158325, -4.98484468460083], [0.5477997064590454, 0.502540282521558, 0.4582933783531189, -5.227563858032227], [0.558135986328125, 0.4927418338051983, 0.4769855737686157, -5.065199851989746], [0.5822688937187195, 0.5072115344298346, 0.5044112801551819, -4.69752836227417], [0.4039314389228821, 0.49954755567222053, 0.24627774953842163, -7.873847007751465], [0.0, 0.0, 0.0, -200.0], [0.0, 0.0, 0.0, -200.0], [0.0, 0.0, 0.0, -200.0], [0.0, 0.0, 0.0, -200.0], [0.0, 0.0, 0.0, -200.0], [0.0, 0.0, 0.0, -200.0], [0.0, 0.0, 0.0, -200.0], [0.0, 0.0, 0.0, -200.0], [0.0, 0.0, 0.0, -200.0], [0.0, 0.0, 0.0, -200.0], [0.0, 0.0, 0.0, -200.0], [0.0, 0.0, 0.0, -200.0], [0.0, 0.0, 0.0, -200.0], [0.0, 0.0, 0.0, -200.0], [0.0, 0.0, 0.0, -200.0], [0.0, 0.0, 0.0, -200.0], [0.0, 0.0, 0.0, -200.0], [0.0, 0.0, 0.0, -200.0], [0.0, 0.0, 0.0, -200.0], [0.0, 0.0, 0.0, -200.0], [0.0, 0.0, 0.0, -200.0], [0.0, 0.0, 0.0, -200.0], [0.0, 0.0, 0.0, -200.0], [0.0, 0.0, 0.0, -200.0], [0.0, 0.0, 0.0, -200.0], [0.0, 0.0, 0.0, -200.0], [0.0, 0.0, 0.0, -200.0], [0.0, 0.0, 0.0, -200.0], [0.0, 0.0, 0.0, -200.0], [0.0, 0.0, 0.0, -200.0], [0.0, 0.0, 0.0, -200.0], [0.0, 0.0, 0.0, -200.0], [0.0, 0.0, 0.0, -200.0], [0.0, 0.0, 0.0, -200.0], [0.0, 0.0, 0.0, -200.0], [0.0, 0.0, 0.0, -200.0], [0.0, 0.0, 0.0, -200.0], [0.0, 0.0, 0.0, -200.0], [0.0, 0.0, 0.0, -200.0], [0.0, 0.0, 0.0, -200.0], [0.0, 0.0, 0.0, -200.0], [0.0, 0.0, 0.0, -200.0], [0.0, 0.0, 0.0, -200.0], [0.0, 0.0, 0.0, -200.0], [0.0, 0.0, 0.0, -200.0], [0.0, 0.0, 0.0, -200.0], [0.0, 0.0, 0.0, -200.0], [0.0, 0.0, 0.0, -200.0], [0.0, 0.0, 0.0, -200.0], [0.0, 0.0, 0.0, -200.0], [0.0, 0.0, 0.0, -200.0], [0.0, 0.0, 0.0, -200.0], [0.0, 0.0, 0.0, -200.0], [0.0, 0.0, 0.0, -200.0], [0.0, 0.0, 0.0, -200.0], [0.0, 0.0, 0.0, -200.0], [0.0, 0.0, 0.0, -200.0], [0.0, 0.0, 0.0, -200.0], [0.0, 0.0, 0.0, -200.0], [0.0, 0.0, 0.0, -200.0], [0.0, 0.0, 0.0, -200.0], [0.0, 0.0, 0.0, -200.0], [0.0, 0.0, 0.0, -200.0], [0.0, 0.0, 0.0, -200.0], [0.0, 0.0, 0.0, -200.0], [0.0, 0.0, 0.0, -200.0], [0.0, 0.0, 0.0, -200.0], [0.0, 0.0, 0.0, -200.0], [0.0, 0.0, 0.0, -200.0], [0.0, 0.0, 0.0, -200.0], [0.0, 0.0, 0.0, -200.0], [0.0, 0.0, 0.0, -200.0], [0.0, 0.0, 0.0, -200.0], [0.0, 0.0, 0.0, -200.0], [0.0, 0.0, 0.0, -200.0], [0.0, 0.0, 0.0, -200.0], [0.0, 0.0, 0.0, -200.0], [0.0, 0.0, 0.0, -200.0], [0.0, 0.0, 0.0, -200.0], [0.0, 0.0, 0.0, -200.0], [0.0, 