{"timestamp": 1747905648, "station": "KFM", "fingerprint": [[0.5700811743736267, 0.4877621761301091, 0.4938124418258667, -4.881266117095947], [0.5378774404525757, 0.5042740882041586, 0.45364171266555786, -5.386333465576172], [0.5734905004501343, 0.49427511242295996, 0.48716187477111816, -4.829475402832031], [0.5591954588890076, 0.512379218787802, 0.47419947385787964, -5.048727512359619], [0.5746278762817383, 0.5061451891414639, 0.49353981018066406, -4.8122663497924805], [0.5227435231208801, 0.49822972139805066, 0.4352107048034668, -5.6342267990112305], [0.5857692360877991, 0.5067402422551203, 0.5046261548995972, -4.645468711853027], [0.5478100180625916, 0.4962731244889664, 0.4548749327659607, -5.227400779724121], [0.5662339329719543, 0.5073141750467454, 0.4911091923713684, -4.94008207321167], [0.5728772878646851, 0.5037104432399748, 0.4926668405532837, -4.838768005371094], [0.5593262314796448, 0.5015983176417487, 0.4653439521789551, -5.046696186065674], [0.5698605179786682, 0.5137701406913566, 0.48723268508911133, -4.884628772735596], [0.5386242866516113, 0.5063837597371151, 0.4482709765434265, -5.374281406402588], [0.576937735080719, 0.48804713578064907, 0.4906492233276367, -4.777420997619629], [0.5733473300933838, 0.4970219243427176, 0.4904354214668274, -4.831644058227539], [0.5766139626502991, 0.4938115884549324, 0.48911190032958984, -4.782297134399414], [0.5687932968139648, 0.5084853184223614, 0.48414385318756104, -4.900910377502441], [0.5640636086463928, 0.5068385345083787, 0.47941726446151733, -4.973438262939453], [0.5429764986038208, 0.4936377142062272, 0.4576635956764221, -5.304379463195801], [0.5587829351425171, 0.49993444586356384, 0.4698910713195801, -5.0551371574401855], [0.5381000638008118, 0.49665354467237166, 0.45578181743621826, -5.382739067077637], [0.5898432731628418, 0.4815173468923136, 0.5078631043434143, -4.585267066955566], [0.5575085282325745, 0.5044081029280072, 0.4749930500984192, -5.074969291687012], [0.5553624033927917, 0.5020258803842291, 0.47567474842071533, -5.108470439910889], [0.5683060884475708, 0.5109722917228531, 0.4868839979171753, -4.908353805541992], [0.5585886836051941, 0.49340308929323, 0.4696035385131836, -5.058157444000244], [0.5650477409362793, 0.4886642295481084, 0.4854956865310669, -4.958296775817871], [0.5606316924095154, 0.49783370570748237, 0.4746852517127991, -5.026447296142578], [0.5556784272193909, 0.5042429410033258, 0.46853482723236084, -5.10352897644043], [0.5738123059272766, 0.5044009285883918, 0.49113088846206665, -4.824603080749512], [0.5681716799736023, 0.506196196463486, 0.47940415143966675, -4.910408020019531], [0.5629916191101074, 0.5065513625060012, 0.4789298176765442, -4.989961624145508], [0.5800624489784241, 0.5068427470488868, 0.49576377868652344, -4.730504989624023], [0.5718432068824768, 0.5242753455792628, 0.48766595125198364, -4.854460716247559], [0.5656673312187195, 0.5250203156787695, 0.4841434955596924, -4.94877815246582], [0.596950113773346, 0.5145779055000681, 0.5209153890609741, -4.481239318847656], [0.5731723308563232, 0.4979951139263217, 0.4860565662384033, -4.834295272827148], [0.571203887462616, 0.4976100584121796, 0.4868326187133789, -4.8641767501831055], [0.5795737504959106, 0.49036101330522247, 0.5026965737342834, -4.737825870513916], [0.5591785311698914, 0.5116475934777188, 0.4797537326812744, -5.048990249633789], [0.5556128621101379, 0.49942362976781507, 0.4701179265975952, -5.104554176330566], [0.5660464763641357, 0.5008748661671723, 0.48160111904144287, -4.942957878112793], [0.565513014793396, 0.4913103237097215, 0.49034756422042847, -4.95114803314209], [0.5573964715003967, 0.5057457114892664, 0.47776055335998535, -5.07671594619751], [0.5900229215621948, 0.5133095442905057, 0.5088909864425659, -4.582622528076172], [0.5710203647613525, 0.5070406204824356, 0.4897257685661316, -4.866968154907227], [0.590268611907959, 0.4800827600043264, 0.5118893384933472, -4.579006195068359], [0.5706413388252258, 0.5138859727230106, 0.4886144995689392, -4.872735500335693], [0.5570853352546692, 0.4907603508750587, 0.4722168445587158, -5.0815653800964355], [0.5861356258392334, 0.5076987094576403, 0.5044173002243042, -4.640037536621094], [0.5625205636024475, 0.5269386760598894, 0.4787188768386841, -4.997231960296631], [0.585089385509491, 0.5171475057468069, 0.5013720393180847, -4.655555725097656], [0.5731479525566101, 0.5052322063863292, 0.487190306186676, -4.834665298461914], [0.5888132452964783, 0.4906802818604639, 0.5054797530174255, -4.6004486083984375], [0.5345326662063599, 0.49023501726310126, 0.4394931197166443, -5.440515518188477], [0.5525800585746765, 0.5045023229579063, 0.4647844433784485, -5.152095794677734], [0.5519979596138, 0.49982265715562874, 0.4706012010574341, -5.161251068115234], [0.5396102666854858, 0.5000568679801449, 0.4533666968345642, -5.358396053314209], [0.5687740445137024, 0.5025973645048389, 0.48829686641693115, -4.901204586029053], [0.5603744983673096, 0.4963210400671508, 0.477167010307312, -5.03043270111084], [0.5514275431632996, 0.5028309529418429, 0.46692168712615967, -5.170230865478516], [0.5781270861625671, 0.5131691755067208, 0.4988367557525635, -4.759533882141113], [0.5833073854446411, 0.504295763318882, 0.5028135776519775, -4.6820502281188965], [0.5755807161331177, 0.5059929289892426, 0.4964532256126404, -4.79787540435791], [0.5625232458114624, 0.5215358347649736, 0.47944581508636475, -4.997190475463867], [0.5919592380523682, 0.5068137512479385, 0.506549596786499, -4.554163932800293], [0.5775096416473389, 0.4930160675774579, 0.49727338552474976, -4.768815517425537], [0.577284038066864, 0.5167586504627775, 0.49355804920196533, -4.772209167480469], [0.5613253712654114, 0.5026184969453954, 0.47800832986831665, -5.015706539154053], [0.0, 0.0, 0.0, -200.0], [0.0, 0.0, 0.0, -200.0], [0.0, 0.0, 0.0, -200.0], [0.0, 0.0, 0.0, -200.0], [0.0, 0.0, 0.0, -200.0], [0.0, 0.0, 0.0, -200.0], [0.0, 0.0, 0.0, -200.0], [0.0, 0.0, 0.0, -200.0], [0.0, 0.0, 0.0, -200.0], [0.0, 0.0, 0.0, -200.0], [0.0, 0.0, 0.0, -200.0], [0.0, 0.0, 0.0, -200.0], [0.0, 0.0, 0.0, -200.0], [0.0, 0.0, 0.0, -200.0], [0.0, 0.0, 0.0, -200.0], [0.0, 0.0, 0.0, -200.0], [0.0, 0.0, 0.0, -200.0], [0.0, 0.0, 0.0, -200.0], [0.0, 0.0, 0.0, -200.0], [0.0, 0.0, 0.0, -200.0], [0.0, 0.0, 0.0, -200.0], [0.0, 0.0, 0.0, -200.0], [0.0, 0.0, 0.0, -200.0], [0.0, 0.0, 0.0, -200.0], [0.0, 0.0, 0.0, -200.0], [0.0, 0.0, 0.0, -200.0], [0.0, 0.0, 0.0, -200.0], [0.0, 0.0, 0.0, -200.0], [0.0, 0.0, 0.0, -200.0], [0.0, 0.0, 0.0, -200.0], [0.0, 0.0, 0.0, -200.0], [0.0, 0.0, 0.0, -200.0], [0.0, 0.0, 0.0, -200.0], [0.0, 0.0, 0.0, -200.0], [0.0, 0.0, 0.0, -200.0], [0.0, 0.0, 0.0, -200.0], [0.0, 0.0, 0.0, -200.0], [0.0, 0.0, 0.0, -200.0], [0.0, 0.0, 0.0, -200.0], [0.0, 0.0, 0.0, -200.0], [0.0, 0.0, 0.0, -200.0], [0.0, 0.0, 0.0, -200.0], [0.0, 0.0, 0.0, -200.0], [0.0, 0.0, 0.0, -200.0], [0.0, 0.0, 0.0, -200.0], [0.0, 0.0, 0.0, -200.0], [0.0, 0.0, 0.0, -200.0], [0.0, 0.0, 0.0, -200.0], [0.0, 0.0, 0.0, -200.0], [0.0, 0.0, 0.0, -200.0], [0.0, 0.0, 0.0, -200.0], [0.0, 0.0, 0.0, -200.0], [0.0, 0.0, 0.0, -200.0], [0.0, 0.0, 0.0, -200.0], [0.0, 0.0, 0.0, -200.0], [0.0, 0.0, 0.0, -200.0], [0.0, 0.0, 0.0, -200.0], [0.0, 0.0, 0.0, -200.0], [0.0, 0.0, 0.0, -200.0], [0.0, 0.0, 0.0, -200.0], [0.0, 0.0, 0.0, -200.0], [0.0, 0.0, 0.0, -200.0], [0.0, 0.0, 0.0, -200.0], [0.0, 0.0, 0.0, -200.0], [0.0, 0.0, 0.0, -200.0], [0.0, 0.0, 0.0, -200.0], [0.0, 0.0, 0.0, -200.0], [0.0, 0.0, 0.0, -200.0], [0.0, 0.0, 0.0, -200.0], [0.0, 0.0, 0.0, -200.0], [0.0, 0.0, 0.0, -200.0], [0.0, 0.0, 0.0, -200.0], [0.0, 0.0, 0.0, -200.0], [0.0, 0.0, 0.0, -200.0], [0.0, 0.0, 0.0, -200.0], [0.0, 0.0, 0.0, -200.0], [0.0, 0.0, 0.0, -200.0], [0.0, 0.0, 0.0, -200.0], [0.0, 0.0, 0.0, -200.0], [0.0, 0.0, 0.0, -200.0], [0.0, 0.0, 0.0, -200.0], [0.0, 0.0, 0.0, -200.0], [0.0, 0.0, 0.0, -200.0], [0.0, 0.0, 0.0, -200.0], [0.0, 0.0, 0.0, -200.0], [0.0, 0.0, 0.0, -200.0], [0.0, 0.0, 0.0, -200.0], [0.0, 0.0, 0.0, 0.0], [0.0, 0.0, 0.0, 0.0], [0.0, 0.0, 0.0, 0.0], [0.0, 0.0, 0.0, 0.0], 