{"timestamp": 1747905532, "station": "KFM", "fingerprint": [[0.4534423351287842, 0.4874004324997323, 0.30387067794799805, -6.869558811187744], [0.5526798367500305, 0.49830294750288917, 0.46331197023391724, -5.150527477264404], [0.5634821057319641, 0.4888231791679859, 0.47985631227493286, -4.982397556304932], [0.5690858364105225, 0.5068316297685095, 0.47687143087387085, -4.896444320678711], [0.5432353019714355, 0.49596539085711455, 0.46058547496795654, -5.300240516662598], [0.5778985023498535, 0.4905387935941903, 0.49449074268341064, -4.76296854019165], [0.5622120499610901, 0.48397239985475393, 0.4775703549385071, -5.001996994018555], [0.5526757836341858, 0.4936147064055192, 0.46820223331451416, -5.150590896606445], [0.5375089049339294, 0.5165704853107427, 0.4547235369682312, -5.392286777496338], [0.5678350925445557, 0.49313999902961164, 0.48182862997055054, -4.915555477142334], [0.5723463892936707, 0.4978884869256684, 0.49165618419647217, -4.846821308135986], [0.5857343673706055, 0.4936113435577117, 0.5061253905296326, -4.645986080169678], [0.5468403100967407, 0.5082422035426576, 0.45225751399993896, -5.242789268493652], [0.571960985660553, 0.4937669487123641, 0.48828691244125366, -4.852672100067139], [0.5725423693656921, 0.4843356779858212, 0.48874378204345703, -4.843847274780273], [0.5688189268112183, 0.4865451821048159, 0.47727125883102417, -4.900519371032715], [0.5635461807250977, 0.5019776845592001, 0.4712526798248291, -4.981410026550293], [0.5888767242431641, 0.4926617181731944, 0.5080292224884033, -4.599512100219727], [0.5770663022994995, 0.49408156640379697, 0.4933459758758545, -4.775485515594482], [0.5690694451332092, 0.4932952835627818, 0.4828214645385742, -4.896694660186768], [0.5554438233375549, 0.49438030572007063, 0.46966564655303955, -5.107197284698486], [0.5551722049713135, 0.5010980459029374, 0.4650951027870178, -5.111445903778076], [0.5381248593330383, 0.5081626580855086, 0.449201762676239, -5.382338523864746], [0.5571030974388123, 0.48949471379287907, 0.4709594249725342, -5.081288814544678], [0.574143648147583, 0.4900315792867709, 0.4941295385360718, -4.819588661193848], [0.5495034456253052, 0.4927176273768201, 0.4603714942932129, -5.200591564178467], [0.5726626515388489, 0.4993332105869062, 0.48479652404785156, -4.842022895812988], [0.5475518107414246, 0.5027412571341559, 0.4677940607070923, -5.231495380401611], [0.5595225095748901, 0.5025056816765638, 0.4749809503555298, -5.043648719787598], [0.5551438927650452, 0.4982226475477564, 0.4705812931060791, -5.111888885498047], [0.5590980052947998, 0.5052943300220754, 0.475339412689209, -5.050241470336914], [0.5707492232322693, 0.48895518825670203, 0.48613083362579346, -4.871093273162842], [0.5616888999938965, 0.4987572979040568, 0.4759042263031006, -5.010083198547363], [0.5548021793365479, 0.5161855578472417, 0.4676100015640259, -5.117237091064453], [0.5378031730651855, 0.4894915003933887, 0.45463162660598755, -5.387532711029053], [0.5573461651802063, 0.5080785156757642, 0.47715622186660767, -5.077499866485596], [0.5805476903915405, 0.4984963610821682, 0.5029531717300415, -4.723241806030273], [0.5609939098358154, 0.5018275238470573, 0.474209725856781, -5.020837306976318], [0.5726670026779175, 0.498590822203511, 0.490889310836792, -4.841956615447998], [0.5619627833366394, 0.5039842449332363, 0.4761848449707031, -5.0058488845825195], [0.5730593204498291, 0.489536093000627, 0.49186545610427856, -4.836008071899414], [0.5760629177093506, 0.5167664850694486, 0.49160218238830566, -4.79060173034668], [0.5693567991256714, 0.500458853240826, 0.4857286214828491, -4.89231014251709], [0.5650039911270142, 0.48114424917168724, 0.48695433139801025, -4.958969593048096], [0.565636157989502, 0.5032897664812823, 0.48557817935943604, -4.949256896972656], [0.5417210459709167, 0.4891386165165959, 0.45153361558914185, -5.324485778808594], [0.575057327747345, 0.49253645388051137, 0.4921037554740906, -4.805777072906494], [0.5725728273391724, 0.4951869355781049, 0.4839558005332947, -4.843385219573975], [0.5498019456863403, 0.5113937841173848, 0.4593348503112793, -5.1958746910095215], [0.5453303456306458, 0.5212946932826745, 0.4564663767814636, -5.266806602478027], [0.5550847053527832, 0.5010040052497208, 0.47486788034439087, -5.112814903259277], [0.5745021104812622, 0.49803895173927726, 0.4879659414291382, -4.814167499542236], [0.5657143592834473, 0.49360503172523157, 0.4829719662666321, -4.948056221008301], [0.5719417929649353, 0.4981730304139755, 0.4857635498046875, -4.852963447570801], [0.5773865580558777, 0.4912454358147766, 0.49864792823791504, -4.770666599273682], [0.557428777217865, 0.4928423093508932, 0.47028547525405884, -5.076212406158447], [0.5681551694869995, 0.47808484700388265, 0.48783206939697266, -4.910660743713379], [0.578648030757904, 0.4904171872923346, 0.495952308177948, -4.751710414886475], [0.5614594221115112, 0.48709790759874044, 0.483276903629303, -5.013632774353027], [0.5575332045555115, 0.49922074041440895, 0.4764784574508667, -5.0745849609375], [0.5683830380439758, 0.5027860553501131, 0.47990506887435913, -4.907177925109863], [0.5697178244590759, 0.505105054939195, 0.47982048988342285, -4.886804103851318], [0.5816351771354675, 0.48053851035429296, 0.49445533752441406, -4.706986904144287], [0.5626576542854309, 0.5056913927658759, 0.47927772998809814, -4.995115280151367], [0.5657323002815247, 0.5043433894764693, 0.47687989473342896, -4.947780609130859], [0.5486199855804443, 0.5002510545000675, 0.4614108204841614, -5.2145676612854], [0.564122200012207, 0.4930277262983832, 0.4746430516242981, -4.972536087036133], [0.5497196316719055, 0.48357759801884864, 0.4679245352745056, -5.197175025939941], [0.5571788549423218, 0.5012111508495893, 0.4635821580886841, -5.080107688903809], [0.5692907571792603, 0.5063549789152416, 0.48560988903045654, -4.893317222595215], [0.0, 0.0, 0.0, -200.0], [0.0, 0.0, 0.0, -200.0], [0.0, 0.0, 0.0, -200.0], [0.0, 0.0, 0.0, -200.0], [0.0, 0.0, 0.0, -200.0], [0.0, 0.0, 0.0, -200.0], [0.0, 0.0, 0.0, -200.0], [0.0, 0.0, 0.0, -200.0], [0.0, 0.0, 0.0, -200.0], [0.0, 0.0, 0.0, -200.0], [0.0, 0.0, 0.0, -200.0], [0.0, 0.0, 0.0, -200.0], [0.0, 0.0, 0.0, -200.0], [0.0, 0.0, 0.0, -200.0], [0.0, 0.0, 0.0, -200.0], [0.0, 0.0, 0.0, -200.0], [0.0, 0.0, 0.0, -200.0], [0.0, 0.0, 0.0, -200.0], [0.0, 0.0, 0.0, -200.0], [0.0, 0.0, 0.0, -200.0], [0.0, 0.0, 0.0, -200.0], [0.0, 0.0, 0.0, -200.0], [0.0, 0.0, 0.0, -200.0], [0.0, 0.0, 0.0, -200.0], [0.0, 0.0, 0.0, -200.0], [0.0, 0.0, 0.0, -200.0], [0.0, 0.0, 0.0, -200.0], [0.0, 0.0, 0.0, -200.0], [0.0, 0.0, 0.0, -200.0], [0.0, 0.0, 0.0, -200.0], [0.0, 0.0, 0.0, -200.0], [0.0, 0.0, 0.0, -200.0], [0.0, 0.0, 0.0, -200.0], [0.0, 0.0, 0.0, -200.0], [0.0, 0.0, 0.0, -200.0], [0.0, 0.0, 0.0, -200.0], [0.0, 0.0, 0.0, -200.0], [0.0, 0.0, 0.0, -200.0], [0.0, 0.0, 0.0, -200.0], [0.0, 0.0, 0.0, -200.0], [0.0, 0.0, 0.0, -200.0], [0.0, 0.0, 0.0, -200.0], [0.0, 0.0, 0.0, -200.0], [0.0, 0.0, 0.0, -200.0], [0.0, 0.0, 0.0, -200.0], [0.0, 0.0, 0.0, -200.0], [0.0, 0.0, 0.0, -200.0], [0.0, 0.0, 0.0, -200.0], [0.0, 0.0, 0.0, -200.0], [0.0, 0.0, 0.0, -200.0], [0.0, 0.0, 0.0, -200.0], [0.0, 0.0, 0.0, -200.0], [0.0, 0.0, 0.0, -200.0], [0.0, 0.0, 0.0, -200.0], [0.0, 0.0, 0.0, -200.0], [0.0, 0.0, 0.0, -200.0], [0.0, 0.0, 0.0, -200.0], [0.0, 0.0, 0.0, -200.0], [0.0, 0.0, 0.0, -200.0], [0.0, 0.0, 0.0, -200.0], [0.0, 0.0, 0.0, -200.0], [0.0, 0.0, 0.0, -200.0], [0.0, 0.0, 0.0, -200.0], [0.0, 0.0, 0.0, -200.0], [0.0, 0.0, 0.0, -200.0], [0.0, 0.0, 0.0, -200.0], [0.0, 0.0, 0.0, -200.0], [0.0, 0.0, 0.0, -200.0], [0.0, 0.0, 0.0, -200.0], [0.0, 0.0, 0.0, -200.0], [0.0, 0.0, 0.0, -200.0], [0.0, 0.0, 0.0, -200.0], [0.0, 0.0, 0.0, -200.0], [0.0, 0.0, 0.0, -200.0], [0.0, 0.0, 0.0, -200.0], [0.0, 0.0, 0.0, -200.0], [0.0, 0.0, 0.0, -200.0], [0.0, 0.0, 0.0, -200.0], [0.0, 0.0, 0.0, -200.0], [0.0, 0.0, 0.0, -200.0], [0.0, 0.0, 0.0, -200.0], [0.0, 0.0, 0.0, -200.0], [0.0, 0.0, 0.0, -200.0], [0.0, 0.0, 0.0, -200.0], [0.0, 0.0, 0.0, -200.0], [0.0, 0.0, 0.0, -200.0], [0.0, 0.0, 0.0, 0.0], 