{"timestamp": 1747905795, "station": "KFM", "fingerprint": [[0.5604201555252075, 0.512544504448655, 0.4805019497871399, -5.029725074768066], [0.5843771696090698, 0.5128081962774865, 0.5005006790161133, -4.666135311126709], [0.5742008686065674, 0.4995382513808246, 0.4939715266227722, -4.818723201751709], [0.5623505115509033, 0.5064872660803537, 0.4800790548324585, -4.9998579025268555], [0.5628535151481628, 0.5067869301197403, 0.480551540851593, -4.992092132568359], [0.5666809678077698, 0.4874210971364627, 0.48516106605529785, -4.9332275390625], [0.5888170599937439, 0.5056337111356064, 0.5133170485496521, -4.6003923416137695], [0.5729756951332092, 0.506009325936619, 0.4908307194709778, -4.837275981903076], [0.5639382004737854, 0.5096256525748392, 0.4797564148902893, -4.975369453430176], [0.5485067367553711, 0.5065495009486829, 0.4617472290992737, -5.216360569000244], [0.5737252831459045, 0.5184240091791704, 0.4907758831977844, -4.825920104980469], [0.5635980367660522, 0.48673339471027616, 0.4794872999191284, -4.9806108474731445], [0.5525332093238831, 0.512063072180943, 0.45956486463546753, -5.15283203125], [0.5696635842323303, 0.4936250918857086, 0.4826948046684265, -4.887630939483643], [0.5659619569778442, 0.5018220983163711, 0.47365760803222656, -4.944255352020264], [0.5729467868804932, 0.5147806080957044, 0.49265873432159424, -4.837714195251465], [0.5721081495285034, 0.4782073354159584, 0.4918910264968872, -4.850437164306641], [0.5570808053016663, 0.5079508916178251, 0.47518235445022583, -5.081636428833008], [0.573968768119812, 0.49769576574372015, 0.49431270360946655, -4.822234630584717], [0.5627259016036987, 0.514347588952666, 0.4801329970359802, -4.9940619468688965], [0.5621799826622009, 0.5022693452948257, 0.4755434989929199, -5.002492904663086], [0.5443652272224426, 0.5084180975853109, 0.45998531579971313, -5.282192230224609], [0.563134491443634, 0.4899972128627664, 0.47936517000198364, -4.987757682800293], [0.5726401805877686, 0.5020213240022062, 0.4908798933029175, -4.842363357543945], [0.5690920948982239, 0.49666459862430384, 0.48962682485580444, -4.89634895324707], [0.5667697787284851, 0.5013710222940758, 0.478143572807312, -4.93186616897583], [0.5690377950668335, 0.5017036478874469, 0.47863471508026123, -4.897177696228027], [0.5718043446540833, 0.4902777972655632, 0.49340468645095825, -4.855051040649414], [0.5683934092521667, 0.4805703171019866, 0.479803204536438, -4.90701961517334], [0.5815154910087585, 0.4951798606671509, 0.5033344030380249, -4.708774089813232], [0.5773562788963318, 0.5127549459519315, 0.4954192638397217, -4.771121978759766], [0.550182044506073, 0.5170407351296713, 0.4640353322029114, -5.189871788024902], [0.5695432424545288, 0.49864776884334755, 0.4878227710723877, -4.889465808868408], [0.5474826097488403, 0.503187214980885, 0.46711987257003784, -5.232593536376953], [0.5520450472831726, 0.5039609964406999, 0.4696540832519531, -5.16050910949707], [0.5671097636222839, 0.518023606130226, 0.48360639810562134, -4.926657199859619], [0.5735908150672913, 0.5073708340542882, 0.49375051259994507, -4.827956199645996], [0.5704945921897888, 0.5063368891890024, 0.4936894178390503, -4.874969482421875], [0.5553819537162781, 0.4876376173389559, 0.47143417596817017, -5.1081647872924805], [0.5678707361221313, 0.5096357902412215, 0.4891534447669983, -4.915010452270508], [0.588222086429596, 0.4929542914248334, 0.5027227401733398, -4.609173774719238], [0.5551148653030396, 0.5024794129526684, 0.47231239080429077, -5.112342834472656], [0.5668814778327942, 0.5132662263672435, 0.4852104187011719, -4.930154800415039], [0.5745425820350647, 0.4924388870857627, 0.48930519819259644, -4.813555717468262], [0.553046464920044, 0.497217422089633, 0.47046542167663574, -5.144767761230469], [0.5699751377105713, 0.5079524913446477, 0.4838034510612488, -4.8828816413879395], [0.5690644979476929, 0.5131913165031133, 0.4866260290145874, -4.896770000457764], [0.5869767665863037, 0.508470782997151, 0.5100002884864807, -4.627581596374512], [0.5622271299362183, 0.49682636646381906, 0.47879254817962646, -5.001764297485352], [0.5791248679161072, 0.4989650259434332, 0.5013868808746338, -4.744555473327637], [0.5765238404273987, 0.49468796800853687, 0.4952917695045471, -4.783654689788818], [0.573727548122406, 0.5033192345742161, 0.49089765548706055, -4.825885772705078], [0.5610853433609009, 0.5022991583178223, 0.47908127307891846, -5.019421577453613], [0.5647215843200684, 0.48951941362298673, 0.480374276638031, -4.963312149047852], [0.5812602043151855, 0.4855875582559242, 0.5000216960906982, -4.712588310241699], [0.5882675647735596, 0.48852573783845066, 0.5150953531265259, -4.60850191116333], [0.549662709236145, 0.5003213561418732, 0.46191638708114624, -5.1980743408203125], [0.5583688616752625, 0.5136882387948188, 0.47510433197021484, -5.0615763664245605], [0.5760502219200134, 0.49855287821283323, 0.4949471950531006, -4.790792942047119], [0.585628092288971, 0.5027202658968251, 0.4981503486633301, -4.647562026977539], [0.5732979774475098, 0.49788807827117315, 0.4935644268989563, -4.832391738891602], [0.5635746121406555, 0.4977954854806299, 0.484835147857666, -4.980971336364746], [0.5749176144599915, 0.5179183265487214, 0.4928181767463684, -4.807887554168701], [0.5633365511894226, 0.4844896798938528, 0.4729682207107544, -4.9846415519714355], [0.5652985572814941, 0.49592496224664406, 0.48101216554641724, -4.954442501068115], [0.0, 0.0, 0.0, -200.0], [0.0, 0.0, 0.0, -200.0], [0.0, 0.0, 0.0, -200.0], [0.0, 0.0, 0.0, -200.0], [0.0, 0.0, 0.0, -200.0], [0.0, 0.0, 0.0, -200.0], [0.0, 0.0, 0.0, -200.0], [0.0, 0.0, 0.0, -200.0], [0.0, 0.0, 0.0, -200.0], [0.0, 0.0, 0.0, -200.0], [0.0, 0.0, 0.0, -200.0], [0.0, 0.0, 0.0, -200.0], [0.0, 0.0, 0.0, -200.0], [0.0, 0.0, 0.0, -200.0], [0.0, 0.0, 0.0, -200.0], [0.0, 0.0, 0.0, -200.0], [0.0, 0.0, 0.0, -200.0], [0.0, 0.0, 0.0, -200.0], [0.0, 0.0, 0.0, -200.0], [0.0, 0.0, 0.0, -200.0], [0.0, 0.0, 0.0, -200.0], [0.0, 0.0, 0.0, -200.0], [0.0, 0.0, 0.0, -200.0], [0.0, 0.0, 0.0, -200.0], [0.0, 0.0, 0.0, -200.0], [0.0, 0.0, 0.0, -200.0], [0.0, 0.0, 0.0, -200.0], [0.0, 0.0, 0.0, -200.0], [0.0, 0.0, 0.0, -200.0], [0.0, 0.0, 0.0, -200.0], [0.0, 0.0, 0.0, -200.0], [0.0, 0.0, 0.0, -200.0], [0.0, 0.0, 0.0, -200.0], [0.0, 0.0, 0.0, -200.0], [0.0, 0.0, 0.0, -200.0], [0.0, 0.0, 0.0, -200.0], [0.0, 0.0, 0.0, -200.0], [0.0, 0.0, 0.0, -200.0], [0.0, 0.0, 0.0, -200.0], [0.0, 0.0, 0.0, -200.0], [0.0, 0.0, 0.0, -200.0], [0.0, 0.0, 0.0, -200.0], [0.0, 0.0, 0.0, -200.0], [0.0, 0.0, 0.0, -200.0], [0.0, 0.0, 0.0, -200.0], [0.0, 0.0, 0.0, -200.0], [0.0, 0.0, 0.0, -200.0], [0.0, 0.0, 0.0, -200.0], [0.0, 0.0, 0.0, -200.0], [0.0, 0.0, 0.0, -200.0], [0.0, 0.0, 0.0, -200.0], [0.0, 0.0, 0.0, -200.0], [0.0, 0.0, 0.0, -200.0], [0.0, 0.0, 0.0, -200.0], [0.0, 0.0, 0.0, -200.0], [0.0, 0.0, 0.0, -200.0], [0.0, 0.0, 0.0, -200.0], [0.0, 0.0, 0.0, -200.0], [0.0, 0.0, 0.0, -200.0], [0.0, 0.0, 0.0, -200.0], [0.0, 0.0, 0.0, -200.0], [0.0, 0.0, 0.0, -200.0], [0.0, 0.0, 0.0, -200.0], [0.0, 0.0, 0.0, -200.0], [0.0, 0.0, 0.0, -200.0], [0.0, 0.0, 0.0, -200.0], [0.0, 0.0, 0.0, -200.0], [0.0, 0.0, 0.0, -200.0], [0.0, 0.0, 0.0, -200.0], [0.0, 0.0, 0.0, -200.0], [0.0, 0.0, 0.0, -200.0], [0.0, 0.0, 0.0, -200.0], [0.0, 0.0, 0.0, -200.0], [0.0, 0.0, 0.0, -200.0], [0.0, 0.0, 0.0, -200.0], [0.0, 0.0, 0.0, -200.0], [0.0, 0.0, 0.0, -200.0], [0.0, 0.0, 0.0, -200.0], [0.0, 0.0, 0.0, -200.0], [0.0, 0.0, 0.0, -200.0], [0.0, 0.0, 0.0, -200.0], [0.0, 0.0, 0.0, -200.0], [0.0, 0.0, 0.0, -200.0], [0.0, 0.0, 0.0, -200.0], [0.0, 0.0, 0.0, -200.0], [0.0, 0.0, 0.0, -200.0], [0.0, 0.0, 0.0, -200.0], [0.0, 0.0, 0.0, -200.0], [0.0, 0.0, 0.0, -200.0], [0.0, 0.0, 0.0, -200.0], [0.0, 0.0, 0.0, -200.0], [0.0, 0.0, 0.0, 0.0], [0.0, 0.0, 0.0, 0.0], [0.0, 0.0, 0.0, 0.0], [0.0, 0.0, 0.0, 0.0], [0.0, 0.0, 0.0, 0.0], [0.0, 0.0, 0.0, 0.0], [0.0, 0.0, 0.0, 0.0], [0.0, 0.0, 0.0, 0.0], [0.0, 0.0, 0.0, 0.0], [0.0, 0.0, 0.0, 0.0], [0.0, 0.0, 0.0, 0.0], [0.0, 0.0, 0.0, 0.0], [0.0, 0.0, 0.0, 0.0], [0.0, 0.0, 0.0, 0.0], [0.0, 0.0, 0.0,