{"timestamp": 1747905485, "station": "KFM", "fingerprint": [[0.4767000079154968, 0.4914703649027475, 0.328974187374115, -6.435096740722656], [0.56494140625, 0.495050692488272, 0.4878091812133789, -4.95993185043335], [0.5496283173561096, 0.49518495852957095, 0.46459925174713135, -5.198617935180664], [0.5700029134750366, 0.5098410456219312, 0.490969181060791, -4.882458686828613], [0.5613458752632141, 0.5123190573843854, 0.4858108162879944, -5.015389442443848], [0.562168300151825, 0.5091490245421147, 0.479894757270813, -5.0026726722717285], [0.5384011268615723, 0.493080646417295, 0.4530695080757141, -5.377881050109863], [0.5708611011505127, 0.5011956318383483, 0.49132537841796875, -4.869390964508057], [0.582801103591919, 0.5066240347930747, 0.5038542151451111, -4.6895928382873535], [0.5745928883552551, 0.4977702881959369, 0.49375492334365845, -4.8127946853637695], [0.576926589012146, 0.4900150352073671, 0.4904366731643677, -4.777588844299316], [0.5823482871055603, 0.5067851164127856, 0.49672287702560425, -4.696343898773193], [0.5512107014656067, 0.5129430861969133, 0.468197226524353, -5.173647403717041], [0.5475487112998962, 0.5125051758586397, 0.4644838571548462, -5.2315449714660645], [0.5895495414733887, 0.4997679542614898, 0.5061235427856445, -4.589593887329102], [0.5659857392311096, 0.5211500353378234, 0.47681277990341187, -4.94389009475708], [0.5761644244194031, 0.5245991307724622, 0.49626362323760986, -4.789071083068848], [0.5522467494010925, 0.519262844440698, 0.4693499803543091, -5.157336711883545], [0.5566251277923584, 0.4968082572507688, 0.4701916575431824, -5.088743686676025], [0.5801767110824585, 0.501714334721401, 0.49470335245132446, -4.728794097900391], [0.5696284770965576, 0.48289597905219833, 0.4812805652618408, -4.888166427612305], [0.5435417294502258, 0.513361104339497, 0.46115344762802124, -5.295342445373535], [0.5478737354278564, 0.5047133711780771, 0.4576404094696045, -5.226390361785889], [0.5647066235542297, 0.4996719246062403, 0.4813815951347351, -4.9635419845581055], [0.559446394443512, 0.5024021357064548, 0.4746442437171936, -5.044830322265625], [0.5636329650878906, 0.504302648460759, 0.47453296184539795, -4.980072498321533], [0.5672085285186768, 0.5176470901857632, 0.4868752360343933, -4.925145149230957], [0.5658648014068604, 0.5022505420725897, 0.4886184334754944, -4.945746421813965], [0.5509191751480103, 0.5108504833338212, 0.4641505479812622, -5.178242206573486], [0.5636085867881775, 0.48366156652617953, 0.4802427291870117, -4.980447769165039], [0.5878684520721436, 0.498502702414929, 0.5054677724838257, -4.614397048950195], [0.5646997690200806, 0.49124770900689524, 0.48165255784988403, -4.963647842407227], [0.5689535140991211, 0.506971967301213, 0.4909445643424988, -4.898464202880859], [0.5518525838851929, 0.5134031014359268, 0.470072865486145, -5.163538455963135], [0.5762656927108765, 0.5166415459522512, 0.49864137172698975, -4.7875447273254395], [0.5718929171562195, 0.518689229933268, 0.49145787954330444, -4.853705883026123], [0.5665223598480225, 0.5029799072719368, 0.48981398344039917, -4.935658931732178], [0.571107029914856, 0.4942849019511002, 0.49304234981536865, -4.865650177001953], [0.5704866051673889, 0.5011486697532425, 0.4870038628578186, -4.875091075897217], [0.5570039749145508, 0.49581381118560786, 0.477679967880249, -5.082834243774414], [0.5951855182647705, 0.49064614172991616, 0.5121365785598755, -4.50695276260376], [0.5973379611968994, 0.5013041078957394, 0.520605206489563, -4.475597858428955], [0.566308319568634, 0.4965409473461299, 0.48314136266708374, -4.938941478729248], [0.5791929960250854, 0.5097065523014889, 0.4994375705718994, -4.743534088134766], [0.5489628911018372, 0.4845392924840042, 0.4658921957015991, -5.209140300750732], [0.5607795119285583, 0.5072999600630029, 0.47758203744888306, -5.0241570472717285], [0.5701577067375183, 0.5007208784256204, 0.49604207277297974, -4.880099773406982], [0.5702640414237976, 0.5017912042925365, 0.48541122674942017, -4.878479957580566], [0.5571758151054382, 0.48733932874108904, 0.47065240144729614, -5.080155372619629], [0.5298131704330444, 0.5117145710830399, 0.4462391138076782, -5.517544746398926], [0.5850611925125122, 0.4802966827234044, 0.5077255368232727, -4.655974388122559], [0.5539164543151855, 0.5021846905470225, 0.4705132842063904, -5.131114959716797], [0.5697795152664185, 0.5003327811257602, 0.48258692026138306, -4.885863304138184], [0.5643332004547119, 0.501698511752583, 0.48572611808776855, -4.969287872314453], [0.5738434791564941, 0.48866130414459774, 0.4886035919189453, -4.824131011962891], [0.5491403937339783, 0.5045261766413411, 0.4674689769744873, -5.206332206726074], [0.5844211578369141, 0.5145491589147431, 0.5063040256500244, -4.6654815673828125], [0.5682877898216248, 0.5072482211111874, 0.4781954884529114, -4.908633708953857], [0.5844608545303345, 0.517224610186413, 0.502399206161499, -4.664891242980957], [0.5668370127677917, 0.48955552357773824, 0.4879336953163147, -4.930835723876953], [0.5815739035606384, 0.5045440653571283, 0.5001474022865295, -4.707901954650879], [0.5735030174255371, 0.48768069112640644, 0.4883609414100647, -4.829285621643066], [0.562782347202301, 0.5133533453004184, 0.47937291860580444, -4.993190765380859], [0.558217465877533, 0.4948161379175305, 0.4660522937774658, -5.063931465148926], [0.5530137419700623, 0.4980258852567082, 0.46345245838165283, -5.145281791687012], [0.5481655597686768, 0.49913161413462515, 0.4672960638999939, -5.221765041351318], [0.5630613565444946, 0.4872859659473714, 0.4741569757461548, -4.988885402679443], [0.5697792768478394, 0.4979053232358913, 0.49193888902664185, -4.885867118835449], [0.5748540163040161, 0.5075901655422568, 0.4909767508506775, -4.8088483810424805], [0.5507069826126099, 0.48571207497405355, 0.46704185009002686, -5.181588649749756], [0.3956076204776764, 0.4883957798473315, 0.23820966482162476, -8.054706573486328], [0.0, 0.0, 0.0, -200.0], [0.0, 0.0, 0.0, -200.0], [0.0, 0.0, 0.0, -200.0], [0.0, 0.0, 0.0, -200.0], [0.0, 0.0, 0.0, -200.0], [0.0, 0.0, 0.0, -200.0], [0.0, 0.0, 0.0, -200.0], [0.0, 0.0, 0.0, -200.0], [0.0, 0.0, 0.0, -200.0], [0.0, 0.0, 0.0, -200.0], [0.0, 0.0, 0.0, -200.0], [0.0, 0.0, 0.0, -200.0], [0.0, 0.0, 0.0, -200.0], [0.0, 0.0, 0.0, -200.0], [0.0, 0.0, 0.0, -200.0], [0.0, 0.0, 0.0, -200.0], [0.0, 0.0, 0.0, -200.0], [0.0, 0.0, 0.0, -200.0], [0.0, 0.0, 0.0, -200.0], [0.0, 0.0, 0.0, -200.0], [0.0, 0.0, 0.0, -200.0], [0.0, 0.0, 0.0, -200.0], [0.0, 0.0, 0.0, -200.0], [0.0, 0.0, 0.0, -200.0], [0.0, 0.0, 0.0, -200.0], [0.0, 0.0, 0.0, -200.0], [0.0, 0.0, 0.0, -200.0], [0.0, 0.0, 0.0, -200.0], [0.0, 0.0, 0.0, -200.0], [0.0, 0.0, 0.0, -200.0], [0.0, 0.0, 0.0, -200.0], [0.0, 0.0, 0.0, -200.0], [0.0, 0.0, 0.0, -200.0], [0.0, 0.0, 0.0, -200.0], [0.0, 0.0, 0.0, -200.0], [0.0, 0.0, 0.0, -200.0], [0.0, 0.0, 0.0, -200.0], [0.0, 0.0, 0.0, -200.0], [0.0, 0.0, 0.0, -200.0], [0.0, 0.0, 0.0, -200.0], [0.0, 0.0, 0.0, -200.0], [0.0, 0.0, 0.0, -200.0], [0.0, 0.0, 0.0, -200.0], [0.0, 0.0, 0.0, -200.0], [0.0, 0.0, 0.0, -200.0], [0.0, 0.0, 0.0, -200.0], [0.0, 0.0, 0.0, -200.0], [0.0, 0.0, 0.0, -200.0], [0.0, 0.0, 0.0, -200.0], [0.0, 0.0, 0.0, -200.0], [0.0, 0.0, 0.0, -200.0], [0.0, 0.0, 0.0, -200.0], [0.0, 0.0, 0.0, -200.0], [0.0, 0.0, 0.0, -200.0], [0.0, 0.0, 0.0, -200.0], [0.0, 0.0, 0.0, -200.0], [0.0, 0.0, 0.0, -200.0], [0.0, 0.0, 0.0, -200.0], [0.0, 0.0, 0.0, -200.0], [0.0, 0.0, 0.0, -200.0], [0.0, 0.0, 0.0, -200.0], [0.0, 0.0, 0.0, -200.0], [0.0, 0.0, 0.0, -200.0], [0.0, 0.0, 0.0, -200.0], [0.0, 0.0, 0.0, -200.0], [0.0, 0.0, 0.0, -200.0], [0.0, 0.0, 0.0, -200.0], [0.0, 0.0, 0.0, -200.0], [0.0, 0.0, 0.0, -200.0], [0.0, 0.0, 0.0, -200.0], [0.0, 0.0, 0.0, -200.0], [0.0, 0.0, 0.0, -200.0], [0.0, 0.0, 0.0, -200.0], [0.0, 0.0, 0.0, -200.0], [0.0, 0.0, 0.0, -200.0], [0.0, 0.0, 0.0, -200.0], [0.0, 0.0, 0.0, -200.0], [0.0, 0.0, 0.0, -200.0], [0.0, 0.0, 0.0, -200.0], [0.0, 0.0, 0.0, -200.0], [0.0, 0.0, 0.0, -200.0], [0.0, 0.0, 0.0, -200.0], [0.0, 0.0, 0.0, -200.0], [0.0, 0.0, 0.0, -200.0], [0.0, 