{"timestamp": 1747905508, "station": "KFM", "fingerprint": [[0.5897942781448364, 0.5015766004579985, 0.5163063406944275, -4.585988998413086], [0.5704155564308167, 0.5023491265435361, 0.48967522382736206, -4.87617301940918], [0.5601851940155029, 0.501503247244706, 0.4782562851905823, -5.033367156982422], [0.5718468427658081, 0.49680620309204665, 0.489785373210907, -4.854405403137207], [0.57085120677948, 0.48762660892372156, 0.4894103407859802, -4.869541645050049], [0.5624003410339355, 0.5003359469627856, 0.4806344509124756, -4.999088287353516], [0.5939531922340393, 0.5038351010588794, 0.5168308019638062, -4.5249552726745605], [0.5870318412780762, 0.4937313389788499, 0.5056083798408508, -4.626766681671143], [0.5873984694480896, 0.4900984153482697, 0.5134900808334351, -4.621344089508057], [0.5651203989982605, 0.5079475085122134, 0.4848855137825012, -4.957180500030518], [0.5673460960388184, 0.49097904038432505, 0.486680269241333, -4.923038482666016], [0.5842573642730713, 0.49089282270239976, 0.5078200697898865, -4.6679158210754395], [0.574916422367096, 0.5057576495190141, 0.49577581882476807, -4.807905673980713], [0.5890030860900879, 0.49074256513704073, 0.5175902843475342, -4.597648620605469], [0.5632376074790955, 0.4933891081348042, 0.4881399869918823, -4.986166954040527], [0.571454644203186, 0.5033658321910484, 0.4904414415359497, -4.86036491394043], [0.5664635300636292, 0.5119719932095103, 0.4811558127403259, -4.936561107635498], [0.5961916446685791, 0.49062404003734733, 0.5139672160148621, -4.492282390594482], [0.5774024128913879, 0.5142869355729104, 0.4985264539718628, -4.77042818069458], [0.5686395764350891, 0.4938236516273173, 0.4898563027381897, -4.903258323669434], [0.5819170475006104, 0.49314228299099105, 0.5088087320327759, -4.702778339385986], [0.5654995441436768, 0.5079772452142952, 0.4863767623901367, -4.95135498046875], [0.5877651572227478, 0.5054744645170002, 0.510101318359375, -4.615922927856445], [0.582391083240509, 0.49898865539165094, 0.5097615122795105, -4.695705890655518], [0.5465598702430725, 0.49578384437102613, 0.465401291847229, -5.2472453117370605], [0.5753271579742432, 0.5119602274852147, 0.5030521750450134, -4.801702499389648], [0.5735559463500977, 0.49241061239317924, 0.4945307970046997, -4.828484535217285], [0.5651042461395264, 0.5015905164868341, 0.4873173236846924, -4.957428455352783], [0.576538622379303, 0.5048309334028741, 0.4994660019874573, -4.7834320068359375], [0.5935441851615906, 0.5157613685159884, 0.51875239610672, -4.530939102172852], [0.5834651589393616, 0.505533800749265, 0.5036438703536987, -4.679701328277588], [0.5718109011650085, 0.4809520523684319, 0.49122124910354614, -4.85495138168335], [0.5710389018058777, 0.5097156354100354, 0.487451434135437, -4.8666863441467285], [0.5689122080802917, 0.502570455363841, 0.489399254322052, -4.899095058441162], [0.5819787383079529, 0.4989551625355487, 0.5058607459068298, -4.701857566833496], [0.5693315863609314, 0.49710016533043516, 0.4872177243232727, -4.892694473266602], [0.5694297552108765, 0.5056885234792609, 0.48957574367523193, -4.8911967277526855], [0.558700680732727, 0.5038189708348383, 0.47916102409362793, -5.056415557861328], [0.5792914032936096, 0.5058590922978276, 0.5030873417854309, -4.742058277130127], [0.5677847862243652, 0.499289634501537, 0.48818695545196533, -4.916325092315674], [0.5690113306045532, 0.5006283069487847, 0.4893161654472351, -4.897581577301025], [0.5504612326622009, 0.48280672043789613, 0.46545135974884033, -5.185465335845947], [0.5696839690208435, 0.49118652463434886, 0.4865783452987671, -4.887320041656494], [0.5716671943664551, 0.4852335259797931, 0.48755788803100586, -4.8571343421936035], [0.5617871284484863, 0.5026723691800544, 0.4740760326385498, -5.008564472198486], [0.5560981631278992, 0.5048041522245051, 0.47699302434921265, -5.096970558166504], [0.5747703909873962, 0.5013523916648899, 0.4935256242752075, -4.810111999511719], [0.5803546905517578, 0.505353695177807, 0.5058138966560364, -4.72613000869751], [0.5639024972915649, 0.5006607122616411, 0.4800921678543091, -4.975919723510742], [0.5723080635070801, 0.5032823426426957, 0.49177461862564087, -4.847402572631836], [0.583480715751648, 0.5025235627874624, 0.5051922798156738, -4.679469585418701], [0.5972670316696167, 0.4962457371246444, 0.510822594165802, -4.476629257202148], [0.5670140385627747, 0.4923975000774598, 0.4886336326599121, -4.928123474121094], [0.57933109998703, 0.5043667693898838, 0.5077390074729919, -4.7414631843566895], [0.5797815322875977, 0.5111121376307542, 0.4988800287246704, -4.734712600708008], [0.56837397813797, 0.49927416764959665, 0.4887518286705017, -4.907316207885742], [0.5771653056144714, 0.491912475691082, 0.49391913414001465, -4.773995399475098], [0.5630964040756226, 0.49156703284584, 0.4790223240852356, -4.988345146179199], [0.5776292681694031, 0.5115043508747062, 0.4959622025489807, -4.767016410827637], [0.5671902894973755, 0.5186665626931802, 0.48723316192626953, -4.925424098968506], [0.5792367458343506, 0.5100012541437923, 0.4965588450431824, -4.742877960205078], [0.568293571472168, 0.5023282184859581, 0.4835779666900635, -4.908545017242432], [0.5539460778236389, 0.4969612523104766, 0.4734174609184265, -5.130650520324707], [0.5705648064613342, 0.49744796313173284, 0.4906494617462158, -4.873900413513184], [0.5757870674133301, 0.5078589280408043, 0.4938230514526367, -4.794761657714844], [0.5798009634017944, 0.49233107665794595, 0.49817293882369995, -4.734421253204346], [0.5843972563743591, 0.4996001361937238, 0.5046751499176025, -4.665836811065674], [0.5661177635192871, 0.5097560424374812, 0.4842660427093506, -4.941864490509033], [0.580398678779602, 0.48937600229802125, 0.495771586894989, -4.725471496582031], [0.0, 0.0, 0.0, -200.0], [0.0, 0.0, 0.0, -200.0], [0.0, 0.0, 0.0, -200.0], [0.0, 0.0, 0.0, -200.0], [0.0, 0.0, 0.0, -200.0], [0.0, 0.0, 0.0, -200.0], [0.0, 0.0, 0.0, -200.0], [0.0, 0.0, 0.0, -200.0], [0.0, 0.0, 0.0, -200.0], [0.0, 0.0, 0.0, -200.0], [0.0, 0.0, 0.0, -200.0], [0.0, 0.0, 0.0, -200.0], [0.0, 0.0, 0.0, -200.0], [0.0, 0.0, 0.0, -200.0], [0.0, 0.0, 0.0, -200.0], [0.0, 0.0, 0.0, -200.0], [0.0, 0.0, 0.0, -200.0], [0.0, 0.0, 0.0, -200.0], [0.0, 0.0, 0.0, -200.0], [0.0, 0.0, 0.0, -200.0], [0.0, 0.0, 0.0, -200.0], [0.0, 0.0, 0.0, -200.0], [0.0, 0.0, 0.0, -200.0], [0.0, 0.0, 0.0, -200.0], [0.0, 0.0, 0.0, -200.0], [0.0, 0.0, 0.0, -200.0], [0.0, 0.0, 0.0, -200.0], [0.0, 0.0, 0.0, -200.0], [0.0, 0.0, 0.0, -200.0], [0.0, 0.0, 0.0, -200.0], [0.0, 0.0, 0.0, -200.0], [0.0, 0.0, 0.0, -200.0], [0.0, 0.0, 0.0, -200.0], [0.0, 0.0, 0.0, -200.0], [0.0, 0.0, 0.0, -200.0], [0.0, 0.0, 0.0, -200.0], [0.0, 0.0, 0.0, -200.0], [0.0, 0.0, 0.0, -200.0], [0.0, 0.0, 0.0, -200.0], [0.0, 0.0, 0.0, -200.0], [0.0, 0.0, 0.0, -200.0], [0.0, 0.0, 0.0, -200.0], [0.0, 0.0, 0.0, -200.0], [0.0, 0.0, 0.0, -200.0], [0.0, 0.0, 0.0, -200.0], [0.0, 0.0, 0.0, -200.0], [0.0, 0.0, 0.0, -200.0], [0.0, 0.0, 0.0, -200.0], [0.0, 0.0, 0.0, -200.0], [0.0, 0.0, 0.0, -200.0], [0.0, 0.0, 0.0, -200.0], [0.0, 0.0, 0.0, -200.0], [0.0, 0.0, 0.0, -200.0], [0.0, 0.0, 0.0, -200.0], [0.0, 0.0, 0.0, -200.0], [0.0, 0.0, 0.0, -200.0], [0.0, 0.0, 0.0, -200.0], [0.0, 0.0, 0.0, -200.0], [0.0, 0.0, 0.0, -200.0], [0.0, 0.0, 0.0, -200.0], [0.0, 0.0, 0.0, -200.0], [0.0, 0.0, 0.0, -200.0], [0.0, 0.0, 0.0, -200.0], [0.0, 0.0, 0.0, -200.0], [0.0, 0.0, 0.0, -200.0], [0.0, 0.0, 0.0, -200.0], [0.0, 0.0, 0.0, -200.0], [0.0, 0.0, 0.0, -200.0], [0.0, 0.0, 0.0, -200.0], [0.0, 0.0, 0.0, -200.0], [0.0, 0.0, 0.0, -200.0], [0.0, 0.0, 0.0, -200.0], [0.0, 0.0, 0.0, -200.0], [0.0, 0.0, 0.0, -200.0], [0.0, 0.0, 0.0, -200.0], [0.0, 0.0, 0.0, -200.0], [0.0, 0.0, 0.0, -200.0], [0.0, 0.0, 0.0, -200.0], [0.0, 0.0, 0.0, -200.0], [0.0, 0.0, 0.0, -200.0], [0.0, 0.0, 0.0, -200.0], [0.0, 0.0, 0.0, -200.0], [0.0, 0.0, 0.0, -200.0], [0.0, 0.0, 0.0, -200.0], [0.0, 0.0, 0.0, -200.0], [0.0, 0.0, 0.0, -200.0], [0.0, 0.0, 0.0, -200.0], [0.0, 0.0, 0.0, 0.0], [0.0, 0.0, 0.0, 0.0], [0.0, 0.0, 0.0, 0.0], [0.0, 0.0, 0.0, 0.0], [0.0, 0.0, 0.0, 