{"timestamp": 1747905748, "station": "Smile FM", "fingerprint": [[0.5509467124938965, 0.4909218951073119, 0.4689118266105652, -5.177807807922363], [0.5747930407524109, 0.5050920112632611, 0.49519842863082886, -4.809770107269287], [0.5603447556495667, 0.5079385959199703, 0.48103559017181396, -5.030893802642822], [0.5786612033843994, 0.49581611939544035, 0.500648558139801, -4.75151252746582], [0.5736337900161743, 0.49887989984300596, 0.49616575241088867, -4.827305316925049], [0.5710243582725525, 0.5045415550070007, 0.48825013637542725, -4.866907119750977], [0.5551899671554565, 0.4985580862043187, 0.4828535318374634, -5.111167907714844], [0.5793986916542053, 0.49813637101483493, 0.503987193107605, -4.740449905395508], [0.5757864117622375, 0.492794751369088, 0.501255214214325, -4.794771671295166], [0.5702321529388428, 0.49398014668174933, 0.4844924211502075, -4.878965854644775], [0.5598276257514954, 0.49681852484599864, 0.4785102605819702, -5.038913726806641], [0.5798549652099609, 0.49790248201064624, 0.4929184913635254, -4.733612537384033], [0.5762538909912109, 0.5120192474501625, 0.49388742446899414, -4.787722587585449], [0.5801851153373718, 0.5109610060817767, 0.49229031801223755, -4.728668212890625], [0.5585120320320129, 0.5106910238017985, 0.47704464197158813, -5.059349536895752], [0.5691046118736267, 0.48470369205670344, 0.4882166385650635, -4.896158218383789], [0.5653541088104248, 0.5017911721985231, 0.48517143726348877, -4.953588962554932], [0.5634384751319885, 0.4926223160298154, 0.48663514852523804, -4.983069896697998], [0.5602419376373291, 0.507626188000187, 0.48042523860931396, -5.032487392425537], [0.5631253123283386, 0.5013448708614162, 0.47866731882095337, -4.987898826599121], [0.5774193406105042, 0.5037572069839875, 0.49591225385665894, -4.7701735496521], [0.5770868062973022, 0.49432944762807335, 0.4934709072113037, -4.775177001953125], [0.5886979699134827, 0.49191675633527293, 0.5070908665657043, -4.60214900970459], [0.5549917817115784, 0.4878464188894764, 0.47456467151641846, -5.114268779754639], [0.5540620684623718, 0.4854302466604623, 0.47339779138565063, -5.12883186340332], [0.5763224363327026, 0.5019270814180321, 0.49865472316741943, -4.786689758300781], [0.5834070444107056, 0.48191541822422135, 0.5063865184783936, -4.680566310882568], [0.5677460432052612, 0.5027939795577654, 0.4899532198905945, -4.91691780090332], [0.5886649489402771, 0.5000650162093109, 0.5054989457130432, -4.602636337280273], [0.5611787438392639, 0.49037240954534317, 0.4816802740097046, -5.017975807189941], [0.5591574907302856, 0.5166742048458198, 0.47143781185150146, -5.049316883087158], [0.5745412111282349, 0.512443946020131, 0.49122440814971924, -4.8135762214660645], [0.5953391194343567, 0.5102999668576738, 0.5190072059631348, -4.504711627960205], [0.5923033952713013, 0.5061659128321538, 0.5114406943321228, -4.5491156578063965], [0.561141848564148, 0.5024606841281635, 0.47912436723709106, -5.0185465812683105], [0.5746455788612366, 0.48309616293243984, 0.49539077281951904, -4.81199836730957], [0.5841273665428162, 0.5106214675286055, 0.5066357851028442, -4.669848918914795], [0.5630434155464172, 0.4974356337584382, 0.483698308467865, -4.989162445068359], [0.5746864080429077, 0.5167285643829451, 0.49683618545532227, -4.8113813400268555], [0.5642617344856262, 0.5023151578144364, 0.48665326833724976, -4.970387935638428], [0.5890596508979797, 0.4947166735286907, 0.5105018019676208, -4.5968146324157715], [0.5628958344459534, 0.5056451941376519, 0.4826909899711609, -4.991439342498779], [0.5590900778770447, 0.5117030711523399, 0.4807100296020508, -5.050364017486572], [0.5627467632293701, 0.509510310331427, 0.481542706489563, -4.993740081787109], [0.5761706829071045, 0.49454316902517526, 0.5040383338928223, -4.788976669311523], [0.5663009285926819, 0.5097448236831421, 0.48801130056381226, -4.939054489135742], [0.5674024224281311, 0.5071272533627319, 0.48576611280441284, -4.922176361083984], [0.5559770464897156, 0.5080768035353811, 0.47537893056869507, -5.098862648010254], [0.5812461376190186, 0.4816232255452804, 0.5018925070762634, -4.712798118591309], [0.5585964322090149, 0.48980961207361756, 0.4748125672340393, -5.058036804199219], [0.5771754384040833, 0.5083232749681605, 0.4989772439002991, -4.773843288421631], [0.5714274644851685, 0.5111380791552891, 0.49356335401535034, -4.860777854919434], [0.5973284244537354, 0.4839712702855542, 0.521883487701416, -4.475736141204834], [0.5819821357727051, 0.5058940924677318, 0.5013874769210815, -4.701807022094727], [0.5816613435745239, 0.49038167875219835, 0.5006183981895447, -4.7065958976745605], [0.5738133788108826, 0.5029029653888468, 0.4898451566696167, -4.824586391448975], [0.5750534534454346, 0.4989246223642055, 0.4915950298309326, -4.805835723876953], [0.5727314352989197, 0.4797723264349428, 0.4913506507873535, -4.84097957611084], [0.5838690996170044, 0.48248733821449974, 0.5052956938743591, -4.673690319061279], [0.5861231684684753, 0.5069696958526059, 0.5075193643569946, -4.640222072601318], [0.563945472240448, 0.4968448177669284, 0.48226815462112427, -4.975257873535156], [0.5761121511459351, 0.5041289114121955, 0.49489670991897583, -4.789859294891357], [0.5654072165489197, 0.5074300007473668, 0.48408031463623047, -4.952773094177246], [0.5577308535575867, 0.49932104569398295, 0.4740116000175476, -5.071506500244141], [0.5862493515014648, 0.5107964977889217, 0.5046409964561462, -4.638352394104004], [0.5577949285507202, 0.5104037279950175, 0.4688999652862549, -5.07050895690918], [0.5744515061378479, 0.5037696999108389, 0.49464863538742065, -4.814932823181152], [0.5707417130470276, 0.5068901014818128, 0.4928266406059265, -4.8712077140808105], [0.5771157145500183, 0.4939187685582011, 0.49607354402542114, -4.774742126464844], [0.5756143927574158, 0.5083670062813223, 0.4960036277770996, -4.797367095947266], [0.5714987516403198, 0.500888127619634, 0.48699504137039185, -4.859694480895996], [0.5713425278663635, 0.49392074989412404, 0.4924590587615967, -4.862069129943848], [0.5891889333724976, 0.49584234614004286, 0.5115337371826172, -4.594908237457275], [0.5908006429672241, 0.48598018410498617, 0.5141083002090454, -4.571180820465088], [0.5511681437492371, 0.49951227163039547, 0.46608465909957886, -5.174317836761475], [0.5995287299156189, 0.5076311338512465, 0.5233179926872253, -4.44379997253418], [0.5663987994194031, 0.4892759179580824, 0.49146461486816406, -4.937553405761719], [0.585067629814148, 0.4848143109226361, 0.5071058869361877, -4.65587854385376], [0.55983567237854, 0.5040042230040699, 0.4781540632247925, -5.038788795471191], [0.5757849812507629, 0.5030228028420659, 0.49685317277908325, -4.794793605804443], [0.5783553719520569, 0.4996325838357126, 0.5011670589447021, -4.756104469299316], [0.5617471933364868, 0.49630343581069597, 0.47720932960510254, -5.009181499481201], [0.5696942806243896, 0.503641746886181, 0.4873245358467102, -4.887162685394287], [0.5566543936729431, 0.49070389097904776, 0.477031946182251, -5.088286876678467], [0.579195499420166, 0.492114616348589, 0.49623048305511475, -4.743496417999268], [0.567223310470581, 0.5027908056574636, 0.48265349864959717, -4.9249186515808105], [0.5791199803352356, 0.5123700091594999, 0.5048943161964417, -4.74462890625], [0.5776930451393127, 0.49859232621193417, 0.5034974813461304, -4.766057014465332], [0.566318929195404, 0.48810819712113507, 0.4820374846458435, -4.938778400421143], [0.5902634859085083, 0.5007238752292743, 0.504460871219635, -4.5790815353393555], [0.5732778310775757, 0.5002845753149583, 0.49406689405441284, -4.832696914672852], [0.5752468705177307, 0.4974585866496964, 0.4896920323371887, -4.802914619445801], [0.5837167501449585, 0.48528667264573133, 0.501359224319458, -4.675956726074219], [0.5866331458091736, 0.48999264180107516, 0.5081408619880676, -4.6326680183410645], [0.5794153213500977, 0.5085683704952668, 0.4979360103607178, -4.740200519561768], [0.5965856313705444, 0.5003304702620153, 0.519889235496521, -4.486544132232666], [0.5755941271781921, 