{"timestamp": 1747905624, "station": "KFM", "fingerprint": [[0.5506696701049805, 0.5049041684264775, 0.4689757823944092, -5.18217658996582], [0.5658082962036133, 0.4978663897461862, 0.49103349447250366, -4.946613788604736], [0.5839942097663879, 0.4984338118380099, 0.5058330297470093, -4.6718292236328125], [0.5561105608940125, 0.5001400229503932, 0.47175002098083496, -5.096776962280273], [0.5695546865463257, 0.48533403582769, 0.48596853017807007, -4.889291763305664], [0.58683842420578, 0.49434674508980403, 0.5079353451728821, -4.629629135131836], [0.5570882558822632, 0.49577923191036716, 0.4788822531700134, -5.081520080566406], [0.5603103637695312, 0.4976716120099376, 0.47601163387298584, -5.031427383422852], [0.5734690427780151, 0.5040089789549365, 0.4920302629470825, -4.829800605773926], [0.5696538090705872, 0.5007691954565502, 0.4826379418373108, -4.88778018951416], [0.5663458704948425, 0.51399342569905, 0.4827392101287842, -4.9383649826049805], [0.5708177089691162, 0.49597492321057457, 0.4874376654624939, -4.870051383972168], [0.572850227355957, 0.5146989147302938, 0.4841320514678955, -4.839178085327148], [0.5516605973243713, 0.4981820829626265, 0.4622427225112915, -5.166560173034668], [0.5632875561714172, 0.5103382942097425, 0.47593438625335693, -4.985396862030029], [0.5688762664794922, 0.5026024718781755, 0.4801560044288635, -4.899643898010254], [0.5556779503822327, 0.4888960779452984, 0.4736892580986023, -5.103536605834961], [0.5672350525856018, 0.5018759878336791, 0.48031866550445557, -4.924738883972168], [0.5888577699661255, 0.5028590198823931, 0.5048185586929321, -4.599791526794434], [0.5765445828437805, 0.5171348478815139, 0.4957067370414734, -4.783342361450195], [0.5741417407989502, 0.5016264007739162, 0.49085789918899536, -4.819617748260498], [0.5585523843765259, 0.49939622478790335, 0.47710883617401123, -5.058722019195557], [0.5636587738990784, 0.5086210967808408, 0.48296797275543213, -4.979674339294434], [0.5876417756080627, 0.4947968127587585, 0.5115134716033936, -4.617746829986572], [0.577322781085968, 0.500424146277326, 0.49370020627975464, -4.771625995635986], [0.5658470988273621, 0.49699869467268837, 0.48074328899383545, -4.946018218994141], [0.567343533039093, 0.5013708566253624, 0.4821432828903198, -4.923077583312988], [0.5550119280815125, 0.4968554151323902, 0.4731627106666565, -5.113954067230225], [0.5630673766136169, 0.5051160229219536, 0.47627460956573486, -4.988792419433594], [0.5681705474853516, 0.49426908408433967, 0.48706305027008057, -4.910425662994385], [0.5645171999931335, 0.503302764725244, 0.4773351550102234, -4.966456413269043], [0.5725980997085571, 0.5118002987690181, 0.48941028118133545, -4.843001842498779], [0.5696938633918762, 0.5048766134949009, 0.47984838485717773, -4.887169361114502], [0.5794186592102051, 0.4896804546983003, 0.5010433793067932, -4.740150451660156], [0.5679188966751099, 0.4997364607396449, 0.48647451400756836, -4.914273738861084], [0.5825260877609253, 0.4893627475371817, 0.5017778873443604, -4.693692207336426], [0.5566065311431885, 0.502049460982206, 0.46775931119918823, -5.089034080505371], [0.5672584176063538, 0.5069908617470557, 0.487484872341156, -4.924381256103516], [0.5627190470695496, 0.5062636773518207, 0.4793567657470703, -4.994167804718018], [0.5701034665107727, 0.4997988194401738, 0.49613988399505615, -4.880926132202148], [0.5762682557106018, 0.4820304524731482, 0.4906570315361023, -4.787506103515625], [0.5775020718574524, 0.5010966245090839, 0.49405747652053833, -4.7689290046691895], [0.5516812801361084, 0.5103756188125685, 0.46560466289520264, -5.166234970092773], [0.5873774886131287, 0.5031344964367391, 0.502081036567688, -4.621654033660889], [0.566371500492096, 0.5099975798757941, 0.4847676753997803, -4.937972068786621], [0.5670419335365295, 0.4965026822719739, 0.4889046549797058, -4.927696704864502], [0.5658050775527954, 0.5003559413944073, 0.48225587606430054, -4.946662902832031], [0.566178560256958, 0.5053391613949317, 0.4803199768066406, -4.94093132019043], [0.5863645672798157, 0.5019435758850967, 0.5083916187286377, -4.636645793914795], [0.5719662308692932, 0.4907171283850199, 0.48458337783813477, -4.852592468261719], [0.5786563158035278, 0.5096999824254461, 0.4893687963485718, -4.751585960388184], [0.5581505298614502, 0.5030269587673023, 0.47052711248397827, -5.0649733543396], [0.567440927028656, 0.47995422386693365, 0.48073089122772217, -4.921586990356445], [0.5578039884567261, 0.5054186215916476, 0.47157078981399536, -5.070367336273193], [0.5713149309158325, 0.49363651335012654, 0.49164319038391113, -4.862488746643066], [0.5735163688659668, 0.5070047455954179, 0.49262332916259766, -4.829083442687988], [0.5666598081588745, 0.51735106954694, 0.48816317319869995, -4.933551788330078], [0.5768036246299744, 0.5057885577285413, 0.49231410026550293, -4.779440402984619], [0.5796986818313599, 0.49912433580999693, 0.4970148801803589, -4.7359538078308105], [0.5730422735214233, 0.5070772704921758, 0.4929569363594055, -4.83626651763916], [0.5590320229530334, 0.5009632407793108, 0.4759792685508728, -5.051266670227051], [0.5570947527885437, 0.49517758288521546, 0.4686128497123718, -5.081418991088867], [0.5722865462303162, 0.4960651693370993, 0.48408013582229614, -4.847729206085205], [0.5822246670722961, 0.5001823476139907, 0.5004424452781677, -4.698187828063965], [0.5790832042694092, 0.4989429182696928, 0.49707478284835815, -4.745180606842041], [0.5766645669937134, 0.514342822468325, 0.49530160427093506, -4.781534671783447], [0.5652670860290527, 0.49669674882430936, 0.48401081562042236, -4.954926013946533], [0.5726129412651062, 0.5016646007148429, 0.4890325665473938, -4.842776775360107], [0.5645464062690735, 0.4998684648226004, 0.4780048131942749, -4.966007232666016], [0.3938370943069458, 0.5269569939160101, 0.2363433837890625, -8.093667984008789], [0.0, 0.0, 0.0, -200.0], [0.0, 0.0, 0.0, -200.0], [0.0, 0.0, 0.0, -200.0], [0.0, 0.0, 0.0, -200.0], [0.0, 0.0, 0.0, -200.0], [0.0, 0.0, 0.0, -200.0], [0.0, 0.0, 0.0, -200.0], [0.0, 0.0, 0.0, -200.0], [0.0, 0.0, 0.0, -200.0], [0.0, 0.0, 0.0, -200.0], [0.0, 0.0, 0.0, -200.0], [0.0, 0.0, 0.0, -200.0], [0.0, 0.0, 0.0, -200.0], [0.0, 0.0, 0.0, -200.0], [0.0, 0.0, 0.0, -200.0], [0.0, 0.0, 0.0, -200.0], [0.0, 0.0, 0.0, -200.0], [0.0, 0.0, 0.0, -200.0], [0.0, 0.0, 0.0, -200.0], [0.0, 0.0, 0.0, -200.0], [0.0, 0.0, 0.0, -200.0], [0.0, 0.0, 0.0, -200.0], [0.0, 0.0, 0.0, -200.0], [0.0, 0.0, 0.0, -200.0], [0.0, 0.0, 0.0, -200.0], [0.0, 0.0, 0.0, -200.0], [0.0, 0.0, 0.0, -200.0], [0.0, 0.0, 0.0, -200.0], [0.0, 0.0, 0.0, -200.0], [0.0, 0.0, 0.0, -200.0], [0.0, 0.0, 0.0, -200.0], [0.0, 0.0, 0.0, -200.0], [0.0, 0.0, 0.0, -200.0], [0.0, 0.0, 0.0, -200.0], [0.0, 0.0, 0.0, -200.0], [0.0, 0.0, 0.0, -200.0], [0.0, 0.0, 0.0, -200.0], [0.0, 0.0, 0.0, -200.0], [0.0, 0.0, 0.0, -200.0], [0.0, 0.0, 0.0, -200.0], [0.0, 0.0, 0.0, -200.0], [0.0, 0.0, 0.0, -200.0], [0.0, 0.0, 0.0, -200.0], [0.0, 0.0, 0.0, -200.0], [0.0, 0.0, 0.0, -200.0], [0.0, 0.0, 0.0, -200.0], [0.0, 0.0, 0.0, -200.0], [0.0, 0.0, 0.0, -200.0], [0.0, 0.0, 0.0, -200.0], [0.0, 0.0, 0.0, -200.0], [0.0, 0.0, 0.0, -200.0], [0.0, 0.0, 0.0, -200.0], [0.0, 0.0, 0.0, -200.0], [0.0, 0.0, 0.0, -200.0], [0.0, 0.0, 0.0, -200.0], [0.0, 0.0, 0.0, -200.0], [0.0, 0.0, 0.0, -200.0], [0.0, 0.0, 0.0, -200.0], [0.0, 0.0, 0.0, -200.0], [0.0, 0.0, 0.0, -200.0], [0.0, 0.0, 0.0, -200.0], [0.0, 0.0, 0.0, -200.0], [0.0, 0.0, 0.0, -200.0], [0.0, 0.0, 0.0, -200.0], [0.0, 0.0, 0.0, -200.0], [0.0, 0.0, 0.0, -200.0], [0.0, 0.0, 0.0, -200.0], [0.0, 0.0, 0.0, -200.0], [0.0, 0.0, 0.0, -200.0], [0.0, 0.0, 0.0, -200.0], [0.0, 0.0, 0.0, -200.0], [0.0, 0.0, 0.0, -200.0], [0.0, 0.0, 0.0, -200.0], [0.0, 0.0, 0.0, -200.0], [0.0, 0.0, 0.0, -200.0], [0.0, 0.0, 0.0, -200.0], [0.0, 0.0, 0.0, -200.0], [0.0, 0.0, 0.0, -200.0], [0.0, 0.0, 0.0, -200.0], [0.0, 0.0, 0.0, -200.0], [0.0, 0.0, 0.0, -200.0], [0.0, 0.0, 0.0, -200.0], [0.0, 0.0, 0.0, -200.0], [0.0, 0.0, 0.0, -200.0], [0.0, 0.0, 0.0, -200.0], [0.0, 0.0, 0.0, -200.0], [0.0, 0.0, 0.0, 0.0], [0.0, 