{"timestamp": 1747905531, "station": "Smile FM", "fingerprint": [[0.582256555557251, 0.4921992759708306, 0.5047937035560608, -4.697712421417236], [0.5763864517211914, 0.49718721979699376, 0.4955551028251648, -4.785724639892578], [0.5679687261581421, 0.5041557944687414, 0.4839264154434204, -4.913511753082275], [0.5748023390769958, 0.4868400987828027, 0.48993539810180664, -4.809629440307617], [0.5634622573852539, 0.5063550373057399, 0.48447108268737793, -4.98270320892334], [0.5652872920036316, 0.5061739632197864, 0.4837120771408081, -4.954615592956543], [0.5813955068588257, 0.4978895952008152, 0.5033646821975708, -4.710566520690918], [0.5692424774169922, 0.5120046828604984, 0.4882458448410034, -4.894053936004639], [0.5921666026115417, 0.49929904303960276, 0.5120522379875183, -4.551121711730957], [0.5472773313522339, 0.5065686045037381, 0.46621954441070557, -5.235850811004639], [0.5828371644020081, 0.4902798488211154, 0.4957737326622009, -4.689055442810059], [0.5660481452941895, 0.5023058228158341, 0.4873146414756775, -4.942932605743408], [0.5752845406532288, 0.49999992273383453, 0.49529117345809937, -4.8023457527160645], [0.5656452178955078, 0.4823937242329248, 0.48673343658447266, -4.949117660522461], [0.5833616256713867, 0.491079982953357, 0.49766725301742554, -4.681242942810059], [0.5677904486656189, 0.5017613558284579, 0.4847133755683899, -4.916238307952881], [0.5723394155502319, 0.49253315647756724, 0.491397500038147, -4.846926689147949], [0.591336190700531, 0.49990406717334485, 0.508902370929718, -4.563310623168945], [0.5641575455665588, 0.4980793949319806, 0.48146718740463257, -4.971992015838623], [0.5672122240066528, 0.5081660580319085, 0.4869186282157898, -4.925088405609131], [0.5814259648323059, 0.5019758086523626, 0.4999123811721802, -4.710111618041992], [0.5840944051742554, 0.48927246830894877, 0.5041877627372742, -4.670339107513428], [0.5845578908920288, 0.4945782000998321, 0.507169783115387, -4.663449287414551], [0.5454659461975098, 0.5110064766285588, 0.462119460105896, -5.264647006988525], [0.5641404986381531, 0.5092592118916632, 0.4848768711090088, -4.972254276275635], [0.5594035983085632, 0.493912015473668, 0.47924232482910156, -5.04549503326416], [0.5514715909957886, 0.4869931037319203, 0.47013622522354126, -5.16953706741333], [0.5639265775680542, 0.49171561854745677, 0.48024946451187134, -4.97554874420166], [0.5826271772384644, 0.4922027426619593, 0.5062592625617981, -4.692185401916504], [0.5557173490524292, 0.48963212978858534, 0.477536678314209, -5.102921009063721], [0.5636522173881531, 0.4866804621977173, 0.4839545488357544, -4.979775428771973], [0.5459569096565247, 0.49113282183510687, 0.47104722261428833, -5.256833076477051], [0.5869424343109131, 0.4972110426046586, 0.5037437081336975, -4.628089904785156], [0.5686109066009521, 0.4959893474051089, 0.4860592484474182, -4.903696060180664], [0.5721831321716309, 0.49010375671561873, 0.48903095722198486, -4.84929895401001], [0.5699092745780945, 0.48299476394795954, 0.4900401830673218, -4.883885383605957], [0.5603956580162048, 0.4986381184132371, 0.48585832118988037, -5.030104637145996], [0.5553001165390015, 0.49802737157782784, 0.47445374727249146, -5.109444618225098], [0.5576229095458984, 0.4958067147983705, 0.475172221660614, -5.073187828063965], [0.5418241024017334, 0.5134893055630035, 0.4550359845161438, -5.32283353805542], [0.5661830306053162, 0.4867372211245387, 0.4931018352508545, -4.940863132476807], [0.5768857002258301, 0.5172570631022646, 0.49901026487350464, -4.778204441070557], [0.5560309290885925, 0.49405384508108213, 0.48649901151657104, -5.098021030426025], [0.5630614757537842, 0.4930458489123131, 0.47802621126174927, -4.988883972167969], [0.5604703426361084, 0.484465139099823, 0.47656506299972534, -5.028946876525879], [0.5754339694976807, 0.49575771694198034, 0.4930458664894104, -4.800090312957764], [0.5602214336395264, 0.4885748809217389, 0.4794234037399292, -5.032805919647217], [0.5755031704902649, 0.5168284398602111, 0.49122583866119385, -4.799045562744141], [0.564629077911377, 0.4871164425790129, 0.4862874746322632, -4.96473503112793], [0.5604053735733032, 0.48313389386359795, 0.47737962007522583, -5.029954433441162], [0.5715610384941101, 0.4968472703487895, 0.49504905939102173, -4.858747482299805], [0.557124137878418, 0.5092457949539358, 0.476919949054718, -5.080960273742676], [0.5729933381080627, 0.49544452955709095, 0.48993539810180664, -4.837008476257324], [0.5841201543807983, 0.48915674072251136, 0.503455400466919, -4.669956207275391], [0.5469173789024353, 0.48876688485663417, 0.46016430854797363, -5.241565704345703], [0.5747146010398865, 0.4901742777905649, 0.49144893884658813, -4.81095552444458], [0.5739243030548096, 0.5143467951474923, 0.4905255436897278, -4.8229079246521], [0.5695313215255737, 0.48892211644323824, 0.48587775230407715, -4.889647483825684], [0.5798917412757874, 0.5015771355611438, 0.494915246963501, -4.73306131362915], [0.5916625261306763, 0.49000558160394275, 0.5159994959831238, -4.558518886566162], [0.5902137756347656, 0.5103830515483789, 0.5113781094551086, -4.579813003540039], [0.580745279788971, 0.49944318091938145, 0.5074729323387146, -4.7202863693237305], [0.5747839212417603, 0.49246279193639775, 0.49545586109161377, -4.809907913208008], [0.5575563907623291, 0.5093097316606885, 0.47502100467681885, -5.07422399520874], [0.5877127051353455, 0.5033347998179439, 0.5091271996498108, -4.616698265075684], [0.5831441283226013, 0.5124779163352127, 0.5030322670936584, -4.684482097625732], [0.5740982294082642, 0.5035585258062834, 0.49659913778305054, -4.820275783538818], [0.5803079009056091, 0.5057419911738041, 0.5052443742752075, -4.72683048248291], [0.5341642498970032, 0.4816123153506354, 0.449404776096344, -5.446503639221191], [0.5909724831581116, 0.5060155747632091, 0.5144403576850891, -4.568655014038086], [0.5685704350471497, 0.49877308688625105, 0.48349910974502563, -4.9043145179748535], [0.5650679469108582, 0.4888627913402871, 0.4868975877761841, -4.957986354827881], [0.572457492351532, 0.499587109308098, 0.48756349086761475, -4.84513521194458], [0.5644916892051697, 0.4888662403418103, 0.4785187840461731, -4.966849327087402], [0.5773089528083801, 0.5065258134220212, 0.4955388903617859, -4.771833896636963], [0.5914568305015564, 0.5097661117465985, 0.520076334476471, -4.561539173126221], [0.5814816355705261, 0.4853982749013999, 0.5022315382957458, -4.709280014038086], [0.5854600071907043, 0.5056990131028627, 0.5103258490562439, -4.650055408477783], [0.5589171051979065, 0.498128988459129, 0.4735974073410034, -5.053051948547363], [0.5638603568077087, 0.501310645156012, 0.4803675413131714, -4.976568698883057], [0.5787497758865356, 0.5110720987151928, 0.501735270023346, -4.75018310546875], [0.595364511013031, 0.49844740769833856, 0.5235530734062195, -4.504341125488281], [0.5758129358291626, 0.4891741417360082, 0.49593204259872437, -4.794371604919434], [0.5669563412666321, 0.49965451549371814, 0.49003446102142334, -4.929007530212402], [0.5739912390708923, 0.4941478133063589, 0.49546313285827637, -4.821894645690918], [0.5592816472053528, 0.5016424655740563, 0.47357702255249023, -5.047388553619385], [0.5719338655471802, 0.5025835471303817, 0.49491387605667114, -4.853083610534668], [0.5589550137519836, 0.5096394851204862, 0.47646236419677734, -5.052462577819824], [0.583268404006958, 0.49440439387846924, 0.5065769553184509, -4.682631015777588], [0.5597878098487854, 0.4992711179239497, 0.4813131093978882, -5.0395307540893555], [0.5728819966316223, 0.49501359988313587, 0.4973421096801758, -4.838696479797363], [0.5960313677787781, 0.5127076414207319, 0.5177081227302551, -4.494617462158203], [0.586627185344696, 0.4960589323645085, 0.5110535621643066, -4.632756233215332], [0.572431206703186, 0.497590441571902, 0.492054283618927, -4.845533847808838], [0.5747103095054626, 0.49329946412029363, 0.4969940781593323, -4.811020374298096], [0.5638599395751953, 0.49639768598192513, 0.48821890354156494, -4.976574897766113], [0.569881021976471, 