{"timestamp": 1747905723, "station": "KFM", "fingerprint": [[0.5558490753173828, 0.5176539120024591, 0.47051703929901123, -5.100862503051758], [0.552949070930481, 0.5035293294372436, 0.47029978036880493, -5.146297454833984], [0.5743255019187927, 0.5063704703880592, 0.4943692684173584, -4.816837787628174], [0.5547748804092407, 0.4972158881207915, 0.4682520627975464, -5.117664337158203], [0.5586466789245605, 0.5025599535818537, 0.46742600202560425, -5.057255744934082], [0.5647556781768799, 0.5121018680137077, 0.4817408323287964, -4.962788105010986], [0.5699474811553955, 0.5255905196033176, 0.4933542013168335, -4.883303165435791], [0.5489310026168823, 0.5128859184837694, 0.45883744955062866, -5.2096452713012695], [0.5625106692314148, 0.490968180809598, 0.4766475558280945, -4.997385025024414], [0.5642366409301758, 0.4893795247620342, 0.47787541151046753, -4.970774173736572], [0.5614028573036194, 0.5120003091619053, 0.4778488278388977, -5.01450777053833], [0.5590937733650208, 0.5051039148381452, 0.46992701292037964, -5.050306797027588], [0.5644202828407288, 0.5002564746389448, 0.483395516872406, -4.967947959899902], [0.5627314448356628, 0.5012777855492666, 0.4720863699913025, -4.993976593017578], [0.5747761726379395, 0.49135723214078764, 0.4888843894004822, -4.810024738311768], [0.5745899081230164, 0.5019813998369965, 0.49373769760131836, -4.812840461730957], [0.5684942007064819, 0.5102676789031377, 0.488999605178833, -4.905479431152344], [0.5627461075782776, 0.4885199545657331, 0.48731499910354614, -4.993749618530273], [0.5894573330879211, 0.49756754834196903, 0.5119740962982178, -4.590952396392822], [0.5687457919120789, 0.48758845654647304, 0.48748624324798584, -4.901636123657227], [0.5787913799285889, 0.4992748625323042, 0.4963989853858948, -4.749558925628662], [0.5546636581420898, 0.49532727598617754, 0.46671080589294434, -5.119405746459961], [0.5672750473022461, 0.49559346321738956, 0.486220121383667, -4.924126148223877], [0.5640563368797302, 0.4809776663659615, 0.47916632890701294, -4.973550319671631], [0.5682081580162048, 0.502889829552224, 0.4791989326477051, -4.909850597381592], [0.5551195740699768, 0.5005908715166991, 0.4725031852722168, -5.112268924713135], [0.5712029337882996, 0.5056852563837231, 0.48957085609436035, -4.86419153213501], [0.5502234697341919, 0.5074396500414807, 0.46755772829055786, -5.189218044281006], [0.561332106590271, 0.48726011759162613, 0.4751664400100708, -5.015602111816406], [0.5535197854042053, 0.4931192578796823, 0.4671458601951599, -5.137336730957031], [0.5711750388145447, 0.5317756145067312, 0.48883336782455444, -4.864615440368652], [0.5835840106010437, 0.495703372738019, 0.5004892349243164, -4.677932262420654], [0.5711058974266052, 0.4960994200772315, 0.4866969585418701, -4.865667343139648], [0.5593713521957397, 0.5099077600729304, 0.48132824897766113, -5.045995712280273], [0.5636342167854309, 0.5074680712076917, 0.4806339740753174, -4.980052947998047], [0.5614389181137085, 0.5083803215151814, 0.4763020873069763, -5.013949871063232], [0.572142481803894, 0.515405494545796, 0.4930291771888733, -4.849915981292725], [0.5880818367004395, 0.49926052107675983, 0.5097573399543762, -4.6112446784973145], [0.5818790793418884, 0.48705175287915636, 0.4970816969871521, -4.703344821929932], [0.5391579270362854, 0.511135384002583, 0.4504208564758301, -5.365679740905762], [0.552116870880127, 0.5303948114692237, 0.4699855446815491, -5.159379959106445], [0.5697275400161743, 0.5010696876582532, 0.48336559534072876, -4.886655807495117], [0.5720661878585815, 0.4964621141925607, 0.4923701882362366, -4.851074695587158], [0.5928128361701965, 0.512410583741437, 0.51033616065979, -4.541647911071777], [0.5563732981681824, 0.49847180853280093, 0.47420430183410645, -5.092674255371094], [0.5868014097213745, 0.5135112776854871, 0.5114890336990356, -4.630177021026611], [0.5800788402557373, 0.4927233390075955, 0.5005782246589661, -4.730259418487549], [0.5731484293937683, 0.5131995415254653, 0.4961055517196655, -4.834657669067383], [0.5706467032432556, 0.508923249367803, 0.49186843633651733, -4.872653961181641], [0.565379798412323, 0.49608564012478434, 0.4824317693710327, -4.9531941413879395], [0.5604026317596436, 0.4945028578494923, 0.482610821723938, -5.029996871948242], [0.5610014200210571, 0.4923445894269234, 0.4704626798629761, -5.020720958709717], [0.5805755257606506, 0.494916096569078, 0.4965510368347168, -4.722825527191162], [0.5575567483901978, 0.5064097493492765, 0.4729273319244385, -5.07421875], [0.3895229399204254, 0.5225641639090118, 0.233995258808136, -8.189338684082031], [0.0, 0.0, 0.0, -200.0], [0.0, 0.0, 0.0, -200.0], [0.0, 0.0, 0.0, -200.0], [0.0, 0.0, 0.0, -200.0], [0.0, 0.0, 0.0, -200.0], [0.0, 0.0, 0.0, -200.0], [0.0, 0.0, 0.0, -200.0], [0.0, 0.0, 0.0, -200.0], [0.0, 0.0, 0.0, -200.0], [0.0, 0.0, 0.0, -200.0], [0.0, 0.0, 0.0, -200.0], [0.0, 0.0, 0.0, -200.0], [0.0, 0.0, 0.0, -200.0], [0.0, 0.0, 0.0, -200.0], [0.0, 0.0, 0.0, -200.0], [0.0, 0.0, 0.0, -200.0], [0.0, 0.0, 0.0, -200.0], [0.0, 0.0, 0.0, -200.0], [0.0, 0.0, 0.0, -200.0], [0.0, 0.0, 0.0, -200.0], [0.0, 0.0, 0.0, -200.0], [0.0, 0.0, 0.0, -200.0], [0.0, 0.0, 0.0, -200.0], [0.0, 0.0, 0.0, -200.0], [0.0, 0.0, 0.0, -200.0], [0.0, 0.0, 0.0, -200.0], [0.0, 0.0, 0.0, -200.0], [0.0, 0.0, 0.0, -200.0], [0.0, 0.0, 0.0, -200.0], [0.0, 0.0, 0.0, -200.0], [0.0, 0.0, 0.0, -200.0], [0.0, 0.0, 0.0, -200.0], [0.0, 0.0, 0.0, -200.0], [0.0, 0.0, 0.0, -200.0], [0.0, 0.0, 0.0, -200.0], [0.0, 0.0, 0.0, -200.0], [0.0, 0.0, 0.0, -200.0], [0.0, 0.0, 0.0, -200.0], [0.0, 0.0, 0.0, -200.0], [0.0, 0.0, 0.0, -200.0], [0.0, 0.0, 0.0, -200.0], [0.0, 0.0, 0.0, -200.0], [0.0, 0.0, 0.0, -200.0], [0.0, 0.0, 0.0, -200.0], [0.0, 0.0, 0.0, -200.0], [0.0, 0.0, 0.0, -200.0], [0.0, 0.0, 0.0, -200.0], [0.0, 0.0, 0.0, -200.0], [0.0, 0.0, 0.0, -200.0], [0.0, 0.0, 0.0, -200.0], [0.0, 0.0, 0.0, -200.0], [0.0, 0.0, 0.0, -200.0], [0.0, 0.0, 0.0, -200.0], [0.0, 0.0, 0.0, -200.0], [0.0, 0.0, 0.0, -200.0], [0.0, 0.0, 0.0, -200.0], [0.0, 0.0, 0.0, -200.0], [0.0, 0.0, 0.0, -200.0], [0.0, 0.0, 0.0, -200.0], [0.0, 0.0, 0.0, -200.0], [0.0, 0.0, 0.0, -200.0], [0.0, 0.0, 0.0, -200.0], [0.0, 0.0, 0.0, -200.0], [0.0, 0.0, 0.0, -200.0], [0.0, 0.0, 0.0, -200.0], [0.0, 0.0, 0.0, -200.0], [0.0, 0.0, 0.0, -200.0], [0.0, 0.0, 0.0, -200.0], [0.0, 0.0, 0.0, -200.0], [0.0, 0.0, 0.0, -200.0], [0.0, 0.0, 0.0, -200.0], [0.0, 0.0, 0.0, -200.0], [0.0, 0.0, 0.0, -200.0], [0.0, 0.0, 0.0, -200.0], [0.0, 0.0, 0.0, -200.0], [0.0, 0.0, 0.0, -200.0], [0.0, 0.0, 0.0, -200.0], [0.0, 0.0, 0.0, -200.0], [0.0, 0.0, 0.0, -200.0], [0.0, 0.0, 0.0, -200.0], [0.0, 0.0, 0.0, -200.0], [0.0, 0.0, 0.0, -200.0], [0.0, 0.0, 0.0, -200.0], [0.0, 0.0, 0.0, -200.0], [0.0, 0.0, 0.0, -200.0], [0.0, 0.0, 0.0, -200.0], [0.0, 0.0, 0.0, -200.0], [0.0, 0.0, 0.0, -200.0], [0.0, 0.0, 0.0, -200.0], [0.0, 0.0, 0.0, -200.0], [0.0, 0.0, 0.0, -200.0], [0.0, 0.0, 0.0, -200.0], [0.0, 0.0, 0.0, -200.0], [0.0, 0.0, 0.0, -200.0], [0.0, 0.0, 0.0, -200.0], [0.0, 0.0, 0.0, -200.0], [0.0, 0.0, 0.0, -200.0], [0.0, 0.0, 0.0, -200.0], [0.0, 0.0, 0.0, -200.0], [0.0, 0.0, 0.0, -200.0], [0.0, 0.0, 0.0, -200.0], [0.0, 0.0, 0.0, 0.0], [0.0, 0.0, 0.0, 0.0], [0.0, 0.0, 0.0, 0.0], [0.0, 0.0, 0.0, 0.0], [0.0, 0.0, 0.0, 0.0], [0.0, 0.0, 0.0, 0.0], [0.0, 0.0, 0.0, 0.0], [0.0, 0.0, 0.0, 0.0], [0.0, 0.0, 0.0, 0.0], [0.0, 0.0, 0.0, 0.0], [0.0, 0.0, 0.0, 0.0], [0.0, 0.0, 0.0, 0.0], [0.0, 0.0, 0.0, 0.0], [0.0, 0.0, 0.0, 0.0], [0.0, 0.0, 0.0, 0.0], [0.0, 0.0, 0.0, 0.0], [0.0, 0.0, 0.0, 0.0], [0.0, 0.0, 0.0, 0.0], [0.0, 0.0, 0.0, 0.0], [0.0, 0.0, 0.0, 0.0], [0.0, 0.0, 0.0, 0.0], [0.0, 0.0, 0.0, 0.0], [0.0, 0.0, 0.0, 0.0], [0.0, 0.0, 0.0, 0.0], [0.0, 0.0, 0.0, 0.0], [0.0, 0.0, 0.0, 0.0], [0.0, 0.0, 0.0, 0.0], [0.0, 0.0, 0.0, 0.0], [0.0, 0.0, 0.0, 0.0], [0.0, 0.0, 0.0, 0.0], [0.0, 0.0, 0.0, 0.0], [0.0, 0.0, 0.0, 0.0], [0.0, 0.0, 0.0, 0.0], [0.0, 0.0, 0.0, 0.0], [0.0, 0.0, 0.0, 0.0], [0.0, 0.0, 0.0, 0.0], [0.0, 0.0, 0.0, 0.0], [0.0, 0.0, 0.0, 0.0], [0.0, 0.0, 0.0, 0.0], [0.0, 0.0, 0.0, 0.0], [0.0, 0.0, 0.0, 0.0], 