{"timestamp": 1747905554, "station": "KFM", "fingerprint": [[0.5718008279800415, 0.5059684772787422, 0.4802064299583435, -4.855104446411133], [0.549515962600708, 0.5112767801755316, 0.46365272998809814, -5.2003936767578125], [0.5742369890213013, 0.5009163769891297, 0.48970144987106323, -4.818176746368408], [0.5513833165168762, 0.4986350809523434, 0.4620354175567627, -5.17092752456665], [0.5628265142440796, 0.4796717864994143, 0.4788569211959839, -4.992508888244629], [0.5708717703819275, 0.5194379091565298, 0.488070011138916, -4.869228363037109], [0.5595139265060425, 0.5042304447411924, 0.47528231143951416, -5.0437822341918945], [0.5657851696014404, 0.4864478738038, 0.4774259328842163, -4.946969032287598], [0.552608072757721, 0.5089818248316703, 0.4708594083786011, -5.151655673980713], [0.5751392245292664, 0.5150229733861464, 0.4949926733970642, -4.804540157318115], [0.5955057740211487, 0.4746693968923031, 0.514998733997345, -4.502280235290527], [0.5570815801620483, 0.4925570381216919, 0.4728854298591614, -5.0816240310668945], [0.5732895731925964, 0.4953999512341853, 0.4901660680770874, -4.832519054412842], [0.5593326687812805, 0.5142395728591715, 0.4719359874725342, -5.046596527099609], [0.5822321176528931, 0.5149178228974789, 0.5006785988807678, -4.6980767250061035], [0.5685387253761292, 0.522278736621999, 0.48840779066085815, -4.904798984527588], [0.5665973424911499, 0.4923281214840344, 0.48883360624313354, -4.93450927734375], [0.5613201856613159, 0.4943620754150683, 0.47708290815353394, -5.015787124633789], [0.566461980342865, 0.5182555289997188, 0.4777541160583496, -4.93658447265625], [0.5809825658798218, 0.5005469412572428, 0.4992949366569519, -4.716737747192383], [0.5717846751213074, 0.5033825144582298, 0.4900449514389038, -4.855349540710449], [0.5646879076957703, 0.4944228871684154, 0.48410511016845703, -4.96382999420166], [0.5712429285049438, 0.487487198155942, 0.4919542670249939, -4.863583087921143], [0.5579006671905518, 0.5077904758234488, 0.48063427209854126, -5.068862438201904], [0.5656558871269226, 0.4869387595535501, 0.48383814096450806, -4.948953628540039], [0.5749842524528503, 0.4833351661670446, 0.4968653917312622, -4.806880950927734], [0.5695676803588867, 0.4861437330287838, 0.4909190535545349, -4.889093399047852], [0.5560780167579651, 0.4926604511475277, 0.4659029245376587, -5.097285270690918], [0.5565738677978516, 0.5025596278365064, 0.4781733751296997, -5.089544296264648], [0.5740532279014587, 0.5039699084166763, 0.49279916286468506, -4.820956707000732], [0.553617000579834, 0.5106518929806598, 0.46654844284057617, -5.135811805725098], [0.5719577670097351, 0.49765952015054754, 0.4925011396408081, -4.852720737457275], [0.5756250619888306, 0.49278638349368764, 0.49909186363220215, -4.797206401824951], [0.550687313079834, 0.5063838940640332, 0.46514201164245605, -5.181898593902588], [0.5543410181999207, 0.5118393675416186, 0.4725279211997986, -5.124459743499756], [0.5739058256149292, 0.48799821869124144, 0.4883604049682617, -4.823187351226807], [0.5723631978034973, 0.5131149921499021, 0.48734772205352783, -4.846566200256348], [0.5735591053962708, 0.48585507013069684, 0.4895355701446533, -4.828436374664307], [0.56228107213974, 0.4786013741847494, 0.4771677851676941, -5.000930309295654], [0.5750190615653992, 0.5013885818580056, 0.49026501178741455, -4.8063554763793945], [0.5946542620658875, 0.49630794442475423, 0.5131922364234924, -4.51470947265625], [0.5528032779693604, 0.5116602808581634, 0.4707651138305664, -5.148587703704834], [0.5774052739143372, 0.5076767029715158, 0.4986099600791931, -4.770384788513184], [0.5606110692024231, 0.5025694275828294, 0.47254717350006104, -5.026766777038574], [0.5475384593009949, 0.501654566017899, 0.4591882824897766, -5.231707572937012], [0.5631534457206726, 0.5146768313893179, 0.4797009825706482, -4.987464904785156], [0.5697203874588013, 0.5080835372306124, 0.4834398031234741, -4.886765003204346], [0.5351794362068176, 0.5133739493837455, 0.4451846480369568, -5.430011749267578], [0.5762402415275574, 0.5076363153927234, 0.4967111349105835, -4.787928581237793], [0.5566452741622925, 0.5043334233288103, 0.4673135280609131, -5.0884294509887695], [0.57103431224823, 0.48881749461328433, 0.4896414875984192, -4.866755962371826], [0.5674986839294434, 0.49948730489487525, 0.4817389249801636, -4.920702934265137], [0.5601075291633606, 0.5059784703570558, 0.48154085874557495, -5.034571647644043], [0.5628171563148499, 0.501071305543437, 0.48250240087509155, -4.9926533699035645], [0.5333107709884644, 0.48932077536570723, 0.4455227255821228, -5.460392951965332], [0.5684345960617065, 0.49221193212304565, 0.482197642326355, -4.906390190124512], [0.5841988921165466, 0.5082173066583983, 0.5017915368080139, -4.668785095214844], [0.5479164719581604, 0.507279577239031, 0.46744996309280396, -5.225712776184082], [0.5746516585350037, 0.5151439335289537, 0.4925273656845093, -4.811906814575195], [0.5631106495857239, 0.5036610419214509, 0.47845155000686646, -4.988125324249268], [0.5549904108047485, 0.49952359460735174, 0.4698588252067566, -5.114290237426758], [0.569896399974823, 0.5008230645707895, 0.49256378412246704, -4.884081840515137], [0.5830080509185791, 0.4965717979898805, 0.49895191192626953, -4.686509132385254], [0.5827937126159668, 0.49560868853992196, 0.49979162216186523, -4.689702987670898], [0.5679627060890198, 0.5108629950524023, 0.4852151870727539, -4.913603782653809], [0.5529948472976685, 0.5019243286096375, 0.47028547525405884, -5.145578384399414], [0.5796834230422974, 0.499344341778887, 0.49806684255599976, -4.73618221282959], [0.0, 0.0, 0.0, -200.0], [0.0, 0.0, 0.0, -200.0], [0.0, 0.0, 0.0, -200.0], [0.0, 0.0, 0.0, -200.0], [0.0, 0.0, 0.0, -200.0], [0.0, 0.0, 0.0, -200.0], [0.0, 0.0, 0.0, -200.0], [0.0, 0.0, 0.0, -200.0], [0.0, 0.0, 0.0, -200.0], [0.0, 0.0, 0.0, -200.0], [0.0, 0.0, 0.0, -200.0], [0.0, 0.0, 0.0, -200.0], [0.0, 0.0, 0.0, -200.0], [0.0, 0.0, 0.0, -200.0], [0.0, 0.0, 0.0, -200.0], [0.0, 0.0, 0.0, -200.0], [0.0, 0.0, 0.0, -200.0], [0.0, 0.0, 0.0, -200.0], [0.0, 0.0, 0.0, -200.0], [0.0, 0.0, 0.0, -200.0], [0.0, 0.0, 0.0, -200.0], [0.0, 0.0, 0.0, -200.0], [0.0, 0.0, 0.0, -200.0], [0.0, 0.0, 0.0, -200.0], [0.0, 0.0, 0.0, -200.0], [0.0, 0.0, 0.0, -200.0], [0.0, 0.0, 0.0, -200.0], [0.0, 0.0, 0.0, -200.0], [0.0, 0.0, 0.0, -200.0], [0.0, 0.0, 0.0, -200.0], [0.0, 0.0, 0.0, -200.0], [0.0, 0.0, 0.0, -200.0], [0.0, 0.0, 0.0, -200.0], [0.0, 0.0, 0.0, -200.0], [0.0, 0.0, 0.0, -200.0], [0.0, 0.0, 0.0, -200.0], [0.0, 0.0, 0.0, -200.0], [0.0, 0.0, 0.0, -200.0], [0.0, 0.0, 0.0, -200.0], [0.0, 0.0, 0.0, -200.0], [0.0, 0.0, 0.0, -200.0], [0.0, 0.0, 0.0, -200.0], [0.0, 0.0, 0.0, -200.0], [0.0, 0.0, 0.0, -200.0], [0.0, 0.0, 0.0, -200.0], [0.0, 0.0, 0.0, -200.0], [0.0, 0.0, 0.0, -200.0], [0.0, 0.0, 0.0, -200.0], [0.0, 0.0, 0.0, -200.0], [0.0, 0.0, 0.0, -200.0], [0.0, 0.0, 0.0, -200.0], [0.0, 0.0, 0.0, -200.0], [0.0, 0.0, 0.0, -200.0], [0.0, 0.0, 0.0, -200.0], [0.0, 0.0, 0.0, -200.0], [0.0, 0.0, 0.0, -200.0], [0.0, 0.0, 0.0, -200.0], [0.0, 0.0, 0.0, -200.0], [0.0, 0.0, 0.0, -200.0], [0.0, 0.0, 0.0, -200.0], [0.0, 0.0, 0.0, -200.0], [0.0, 0.0, 0.0, -200.0], [0.0, 0.0, 0.0, -200.0], [0.0, 0.0, 0.0, -200.0], [0.0, 0.0, 0.0, -200.0], [0.0, 0.0, 0.0, -200.0], [0.0, 0.0, 0.0, -200.0], [0.0, 0.0, 0.0, -200.0], [0.0, 0.0, 0.0, -200.0], [0.0, 0.0, 0.0, -200.0], [0.0, 0.0, 0.0, -200.0], [0.0, 0.0, 0.0, -200.0], [0.0, 0.0, 0.0, -200.0], [0.0, 0.0, 0.0, -200.0], [0.0, 0.0, 0.0, -200.0], [0.0, 0.0, 0.0, -200.0], [0.0, 0.0, 0.0, -200.0], [0.0, 0.0, 0.0, -200.0], [0.0, 0.0, 0.0, -200.0], [0.0, 0.0, 0.0, -200.0], [0.0, 0.0, 0.0, -200.0], [0.0, 0.0, 0.0, -200.0], [0.0, 0.0, 0.0, -200.0], [0.0, 0.0, 0.0, -200.0], [0.0, 0.0, 0.0, -200.0], [0.0, 0.0, 0.0, -200.0], [0.0, 0.0, 0.0, -200.0], [0.0, 0.0, 0.0, -200.0], [0.0, 0.0, 0.0, -200.0], [0.0, 0.0, 0.0, 0.0], [0.0, 0.0, 0.0, 0.0], [0.0, 0.0, 0.0, 0.0], [0.0, 0.0, 0.0, 0.0], [0.0, 0.0, 0.0, 0.0], [0.0, 0.0, 0.0, 0.0], [0.0, 0.0, 0.0, 0.0], [0.0, 0.0, 0.0, 0.0], [0.0, 0.0, 0.0, 0.0], [0.0, 