{"timestamp": 1747905486, "station": "Smile FM", "fingerprint": [[0.5990393757820129, 0.4361343470035646, 0.5410770773887634, -4.450892448425293], [0.5866204500198364, 0.4917808074175738, 0.5103003978729248, -4.6328558921813965], [0.5756725072860718, 0.4957404479005006, 0.4990386962890625, -4.79649019241333], [0.5602203607559204, 0.5048819957131594, 0.48332780599594116, -5.032822608947754], [0.5531548261642456, 0.4930145704319417, 0.4779497981071472, -5.143065929412842], [0.5719646215438843, 0.5004229537871513, 0.48754996061325073, -4.852616786956787], [0.5840048789978027, 0.4937272980497901, 0.5074838399887085, -4.671670436859131], [0.5932801961898804, 0.49216445280030036, 0.5180016160011292, -4.5348029136657715], [0.5701629519462585, 0.5007900779621345, 0.48900026082992554, -4.8800201416015625], [0.5668607354164124, 0.49340103492568266, 0.4843459725379944, -4.930472373962402], [0.5694358944892883, 0.4915291426802447, 0.4946708083152771, -4.891103267669678], [0.5530221462249756, 0.49443823803908293, 0.4748806357383728, -5.1451497077941895], [0.5850299596786499, 0.49532499579283534, 0.5096661448478699, -4.656437873840332], [0.561683714389801, 0.5008040545087626, 0.4795196056365967, -5.010163307189941], [0.5821917057037354, 0.4976092203612629, 0.4974847435951233, -4.6986799240112305], [0.5780748128890991, 0.5096232206059105, 0.49788039922714233, -4.760318756103516], [0.571538507938385, 0.49885272785955875, 0.4945775270462036, -4.859090328216553], [0.5654881596565247, 0.49283202705214646, 0.4865044951438904, -4.9515299797058105], [0.5774011015892029, 0.49083944339952684, 0.5021571516990662, -4.770447731018066], [0.5851250886917114, 0.4992012505087112, 0.5083670616149902, -4.655025482177734], [0.562560498714447, 0.479561270095774, 0.4794809818267822, -4.996615409851074], [0.5767565369606018, 0.5032757090149114, 0.49676913022994995, -4.780149459838867], [0.5869947671890259, 0.5067514299456662, 0.5050942897796631, -4.627315521240234], [0.5697172284126282, 0.5018620255086421, 0.4890376329421997, -4.886812686920166], [0.5890691876411438, 0.5082254559456284, 0.5096479654312134, -4.596673965454102], [0.5933305621147156, 0.4978606241399896, 0.5085583925247192, -4.5340657234191895], [0.5751625895500183, 0.5078352098925366, 0.49320632219314575, -4.804187297821045], [0.5538632869720459, 0.48436805224919144, 0.46739643812179565, -5.131948471069336], [0.561829686164856, 0.5143103508983022, 0.48531192541122437, -5.007906436920166], [0.5613381266593933, 0.47966265717598616, 0.4758036136627197, -5.015509128570557], [0.5812487602233887, 0.47823391711997576, 0.5070798993110657, -4.712759017944336], [0.5727750658988953, 0.4982386951486786, 0.4958333373069763, -4.840317726135254], [0.5745712518692017, 0.5061831672393905, 0.498218834400177, -4.813122272491455], [0.5753147602081299, 0.5050669522653467, 0.4981769323348999, -4.801889419555664], [0.5826822519302368, 0.5094861396053112, 0.5037171840667725, -4.691364288330078], [0.578686535358429, 0.501788849453814, 0.504430890083313, -4.751132488250732], [0.5779212713241577, 0.5044800055950852, 0.4977073669433594, -4.7626261711120605], [0.5907421708106995, 0.5032185687701626, 0.5116555690765381, -4.572040557861328], [0.5791188478469849, 0.4975885756828848, 0.4977399706840515, -4.744646072387695], [0.5531360507011414, 0.5122431412832911, 0.4759194850921631, -5.143360614776611], [0.5874284505844116, 0.4920618303420044, 0.5082535147666931, -4.620900630950928], [0.5829401016235352, 0.5107152713581077, 0.5000563859939575, -4.687521457672119], [0.5688985586166382, 0.49720032297511013, 0.49240750074386597, -4.899303436279297], [0.5905336737632751, 0.5062410402510071, 0.5103269219398499, -4.575106620788574], [0.5819588303565979, 0.5049070741047709, 0.50539630651474, -4.702154636383057], [0.5786073803901672, 0.4968155436187784, 0.5042809247970581, -4.752320766448975], [0.5857298374176025, 0.502716632201045, 0.5059008598327637, -4.646052837371826], [0.5605711936950684, 0.48774486220395247, 0.47508811950683594, -5.0273847579956055], [0.5786494016647339, 0.5085205254059837, 0.49101507663726807, -4.751689910888672], [0.5990827083587646, 0.49985978787693053, 0.5254717469215393, -4.4502644538879395], [0.5680325031280518, 0.4907079626245188, 0.48701393604278564, -4.912536144256592], [0.5791424512863159, 0.507463023981986, 0.5031006336212158, -4.74429178237915], [0.5712417364120483, 0.4905573278076982, 0.4979919195175171, -4.863601207733154], [0.5602405667304993, 0.49689402183276543, 0.4826943278312683, -5.032508850097656], [0.5669826865196228, 0.49749969568452945, 0.48665308952331543, -4.9286041259765625], [0.5788957476615906, 0.48461993731073794, 0.4997979402542114, -4.747992515563965], [0.5667323470115662, 0.49139402540525434, 0.4937487244606018, -4.932439804077148], [0.5863659977912903, 0.5057961312632521, 0.5115025043487549, -4.636624336242676], [0.5836044549942017, 0.48806260541775864, 0.5084888935089111, -4.677628040313721], [0.5720387697219849, 0.49299757723000964, 0.49476033449172974, -4.8514909744262695], [0.5584200024604797, 0.49765225859201373, 0.47673070430755615, -5.0607805252075195], [0.5768684148788452, 0.4881211488918525, 0.4988223910331726, -4.7784647941589355], [0.5776543617248535, 0.49792972072704184, 0.49699097871780396, -4.76663875579834], [0.5936889052391052, 0.5089233378099641, 0.5181666016578674, -4.5288214683532715], [0.5640535354614258, 0.48587141665766703, 0.48447901010513306, -4.973593235015869], [0.5869711637496948, 0.5183609698653783, 0.5065301060676575, -4.627664566040039], [0.5626839995384216, 0.5111150048603141, 0.4813070297241211, -4.99470853805542], [0.5377739071846008, 0.4929140106098769, 0.44994646310806274, -5.388005256652832], [0.5565069913864136, 0.49218305294454295, 0.4720913767814636, -5.090587615966797], [0.5742557048797607, 0.5033174175296096, 0.4929109215736389, -4.8178935050964355], [0.5746673345565796, 0.4926529807527203, 0.49271702766418457, -4.811669826507568], [0.5572211742401123, 0.4912463259361356, 0.47956347465515137, -5.0794477462768555], [0.5781946778297424, 0.511272285899708, 0.49500876665115356, -4.758518218994141], [0.5570740699768066, 0.48908716770817134, 0.4719143509864807, -5.0817413330078125], [0.5522781610488892, 0.4939917946436931, 0.4712040424346924, -5.156842231750488], [0.5557003617286682, 0.49432073438709917, 0.4789918065071106, -5.10318660736084], [0.5703312754631042, 0.5015099400303829, 0.49191558361053467, -4.877456188201904], [0.5718444585800171, 0.4936737855444984, 0.49218350648880005, -4.8544416427612305], [0.5787847638130188, 0.49958012281497033, 0.5059774518013, -4.749658107757568], [0.5638284683227539, 0.502280157747995, 0.4867589473724365, -4.977059841156006], [0.5522109270095825, 0.4961119039648455, 0.47673875093460083, -5.157899856567383], [0.5714219808578491, 0.5190001956984921, 0.4916870594024658, -4.860860824584961], [0.5756914019584656, 0.5106275346060081, 0.49966925382614136, -4.796205043792725], [0.5934057831764221, 0.5012769255154862, 0.5225241184234619, -4.532964706420898], [0.5753613710403442, 0.504759235570551, 0.4999152421951294, -4.8011860847473145], [0.5652356147766113, 0.4975190891746784, 0.48335134983062744, -4.955410003662109], [0.5660003423690796, 0.5017928034048666, 0.49157124757766724, -4.943665981292725], [0.5952748656272888, 0.5085299159747181, 0.5243647694587708, -4.505649089813232], [0.5934365391731262, 0.49009230209148263, 0.5154616832733154, -4.5325140953063965], [0.585663914680481, 0.4903822677202479, 0.5092477798461914, -4.647030353546143], [0.5622413158416748, 0.5025271271591498, 0.47980189323425293, -5.001544952392578], [0.5855333805084229, 0.513787038333884, 0.5068137049674988, -4.6489667892456055], [0.575918972492218, 0.5023234153736849, 0.5021774768829346, -4.79277229309082], [0.5682541131973267, 0.491915537052277, 0.4826522469520569, -4.909148216247559], [0.5710124969482422, 0.4957953227609454, 0.48936766386032104, -4.867087364196777], [0.5825493335723877, 0.472457110973055, 0.4994005560874939, -4.693345546722412], 