{"timestamp": 1747905772, "station": "KFM", "fingerprint": [[0.5686745047569275, 0.5034739679608398, 0.48323190212249756, -4.902724742889404], [0.5582575798034668, 0.5076714919263077, 0.47048723697662354, -5.063307285308838], [0.5887774229049683, 0.5076576143153688, 0.5087772607803345, -4.600976943969727], [0.5314552187919617, 0.5071052873021773, 0.4437939524650574, -5.490666389465332], [0.5735592246055603, 0.4899206237158463, 0.4856361746788025, -4.828434467315674], [0.5511663556098938, 0.49924936930595504, 0.4616856575012207, -5.174345970153809], [0.5381761789321899, 0.49529633596982814, 0.4558473229408264, -5.3815107345581055], [0.5716131925582886, 0.5169905402323094, 0.4831809401512146, -4.857954978942871], [0.5689324140548706, 0.49312142297211764, 0.48902881145477295, -4.898786544799805], [0.5754274129867554, 0.5090649368228938, 0.48971110582351685, -4.800189018249512], [0.5563930869102478, 0.49016013893106386, 0.4708949327468872, -5.092365741729736], [0.5656315088272095, 0.4958049034430827, 0.47846168279647827, -4.9493279457092285], [0.5713546872138977, 0.4833639366953058, 0.49145621061325073, -4.861884117126465], [0.5639083981513977, 0.48603957646248996, 0.4796563386917114, -4.975828647613525], [0.5881547331809998, 0.4879988047686396, 0.511236310005188, -4.610167980194092], [0.5629820227622986, 0.4980623632039836, 0.4826485514640808, -4.990109443664551], [0.56943678855896, 0.49498416446705157, 0.48449647426605225, -4.89108943939209], [0.5825669169425964, 0.5140542957862158, 0.5058882832527161, -4.693083763122559], [0.5682955384254456, 0.48830475142383384, 0.48849016427993774, -4.908514976501465], [0.59001225233078, 0.4935905452518678, 0.5108290910720825, -4.582779407501221], [0.5649763941764832, 0.5017566442302474, 0.48479920625686646, -4.9593939781188965], [0.5653784871101379, 0.48302520210992694, 0.48226070404052734, -4.953214645385742], [0.5476024150848389, 0.4917458134400189, 0.4605671167373657, -5.2306928634643555], [0.5883471369743347, 0.5015126242826501, 0.5116021633148193, -4.607326984405518], [0.5809706449508667, 0.48662174025637595, 0.4930694103240967, -4.716916084289551], [0.5787988305091858, 0.4975792600353535, 0.48820626735687256, -4.749446868896484], [0.576187252998352, 0.48694406552585945, 0.49685877561569214, -4.788727283477783], [0.5888361930847168, 0.49134955173828554, 0.507625937461853, -4.600110054016113], [0.5846143960952759, 0.5042273671623285, 0.5013667345046997, -4.662610054016113], [0.5745592713356018, 0.4880602615562764, 0.4937291741371155, -4.813303470611572], [0.5617586970329285, 0.5142509194088986, 0.4783098101615906, -5.009003639221191], [0.5667366981506348, 0.49993916289648693, 0.48194777965545654, -4.932373046875], [0.5709721446037292, 0.49565508604011066, 0.4886550307273865, -4.867701530456543], [0.5661336183547974, 0.49690727441818877, 0.4906603693962097, -4.94162130355835], [0.5828736424446106, 0.49728014308405055, 0.49878406524658203, -4.688511848449707], [0.5595089197158813, 0.5157968197943478, 0.47354042530059814, -5.043859481811523], [0.5540032386779785, 0.4947049869893053, 0.475011944770813, -5.129754066467285], [0.5834385752677917, 0.5036248144129142, 0.501096248626709, -4.6800971031188965], [0.5690661072731018, 0.49434478088841666, 0.4820900559425354, -4.896745681762695], [0.5710408091545105, 0.5004279301722472, 0.49341392517089844, -4.86665678024292], [0.5818931460380554, 0.5028307493697238, 0.5033469796180725, -4.703135013580322], [0.5731242895126343, 0.4942102134781134, 0.4921509623527527, -4.835023403167725], [0.5685137510299683, 0.49794035171708745, 0.48729801177978516, -4.90518045425415], [0.5737990736961365, 0.500242636610106, 0.4900755286216736, -4.824803352355957], [0.5640605688095093, 0.5158524038585789, 0.48157036304473877, -4.973484992980957], [0.5700923204421997, 0.5156206086291962, 0.4816211462020874, -4.881096363067627], [0.5834659337997437, 0.5127248852338667, 0.5086916089057922, -4.679689884185791], [0.573202908039093, 0.5017400469587715, 0.4956128001213074, -4.833832263946533], [0.5824423432350159, 0.5093759060210636, 0.5066509246826172, -4.69494104385376], [0.5648549199104309, 0.491245303074027, 0.4772200584411621, -4.961261749267578], [0.564750075340271, 0.5085316198015176, 0.48401522636413574, -4.962873935699463], [0.5652526021003723, 0.5078424466398584, 0.48456746339797974, -4.955148696899414], [0.5522128939628601, 0.5061361133615314, 0.468716561794281, -5.1578688621521], [0.5905060172080994, 0.5003241943384309, 0.5171536207199097, -4.5755133628845215], [0.561251163482666, 0.49258046686374624, 0.4774323105812073, -5.016855239868164], [0.5602254867553711, 0.5073366979997369, 0.47671395540237427, -5.032742500305176], [0.544688880443573, 0.5029241808570615, 0.4577815532684326, -5.277029991149902], [0.5689184069633484, 0.5015930687773038, 0.4814038872718811, -4.89900016784668], [0.5494298934936523, 0.5096240422027699, 0.46050018072128296, -5.201754570007324], [0.5574381947517395, 0.501287315008446, 0.4737240672111511, -5.076065540313721], [0.5482327342033386, 0.5203799278633233, 0.46466702222824097, -5.220700263977051], [0.534953236579895, 0.48997247146505324, 0.43573689460754395, -5.433683395385742], [0.5817903876304626, 0.512522020588963, 0.5002025365829468, -4.704668998718262], [0.5811525583267212, 0.486347275742365, 0.5017462968826294, -4.714197158813477], [0.5682440400123596, 0.4931482792691831, 0.48297208547592163, -4.909302234649658], [0.5800222754478455, 0.4961422395402286, 0.4945228099822998, -4.731106281280518], [0.5646532773971558, 0.4877569872107134, 0.47075676918029785, -4.964363098144531], [0.5751301050186157, 0.5001560114641325, 0.4913405776023865, -4.804677963256836], [0.5692517161369324, 0.468486966420229, 0.4847227931022644, -4.8939127922058105], [0.37558525800704956, 0.5046842142440466, 0.22325408458709717, -8.505828857421875], [0.0, 0.0, 0.0, -200.0], [0.0, 0.0, 0.0, -200.0], [0.0, 0.0, 0.0, -200.0], [0.0, 0.0, 0.0, -200.0], [0.0, 0.0, 0.0, -200.0], [0.0, 0.0, 0.0, -200.0], [0.0, 0.0, 0.0, -200.0], [0.0, 0.0, 0.0, -200.0], [0.0, 0.0, 0.0, -200.0], [0.0, 0.0, 0.0, -200.0], [0.0, 0.0, 0.0, -200.0], [0.0, 0.0, 0.0, -200.0], [0.0, 0.0, 0.0, -200.0], [0.0, 0.0, 0.0, -200.0], [0.0, 0.0, 0.0, -200.0], [0.0, 0.0, 0.0, -200.0], [0.0, 0.0, 0.0, -200.0], [0.0, 0.0, 0.0, -200.0], [0.0, 0.0, 0.0, -200.0], [0.0, 0.0, 0.0, -200.0], [0.0, 0.0, 0.0, -200.0], [0.0, 0.0, 0.0, -200.0], [0.0, 0.0, 0.0, -200.0], [0.0, 0.0, 0.0, -200.0], [0.0, 0.0, 0.0, -200.0], [0.0, 0.0, 0.0, -200.0], [0.0, 0.0, 0.0, -200.0], [0.0, 0.0, 0.0, -200.0], [0.0, 0.0, 0.0, -200.0], [0.0, 0.0, 0.0, -200.0], [0.0, 0.0, 0.0, -200.0], [0.0, 0.0, 0.0, -200.0], [0.0, 0.0, 0.0, -200.0], [0.0, 0.0, 0.0, -200.0], [0.0, 0.0, 0.0, -200.0], [0.0, 0.0, 0.0, -200.0], [0.0, 0.0, 0.0, -200.0], [0.0, 0.0, 0.0, -200.0], [0.0, 0.0, 0.0, -200.0], [0.0, 0.0, 0.0, -200.0], [0.0, 0.0, 0.0, -200.0], [0.0, 0.0, 0.0, -200.0], [0.0, 0.0, 0.0, -200.0], [0.0, 0.0, 0.0, -200.0], [0.0, 0.0, 0.0, -200.0], [0.0, 0.0, 0.0, -200.0], [0.0, 0.0, 0.0, -200.0], [0.0, 0.0, 0.0, -200.0], [0.0, 0.0, 0.0, -200.0], [0.0, 0.0, 0.0, -200.0], [0.0, 0.0, 0.0, -200.0], [0.0, 0.0, 0.0, -200.0], [0.0, 0.0, 0.0, -200.0], [0.0, 0.0, 0.0, -200.0], [0.0, 0.0, 0.0, -200.0], [0.0, 0.0, 0.0, -200.0], [0.0, 0.0, 0.0, -200.0], [0.0, 0.0, 0.0, -200.0], [0.0, 0.0, 0.0, -200.0], [0.0, 0.0, 0.0, -200.0], [0.0, 0.0, 0.0, -200.0], [0.0, 0.0, 0.0, -200.0], [0.0, 0.0, 0.0, -200.0], [0.0, 0.0, 0.0, -200.0], [0.0, 0.0, 0.0, -200.0], [0.0, 0.0, 0.0, -200.0], [0.0, 0.0, 0.0, -200.0], [0.0, 0.0, 0.0, -200.0], [0.0, 0.0, 0.0, -200.0], [0.0, 0.0, 0.0, -200.0], [0.0, 0.0, 0.0, -200.0], [0.0, 0.0, 0.0, -200.0], [0.0, 0.0, 0.0, -200.0], [0.0, 0.0, 0.0, -200.0], [0.0, 0.0, 0.0, -200.0], [0.0, 0.0, 0.0, -200.0], [0.0, 0.0, 0.0, -200.0], [0.0, 0.0, 0.0, -200.0], [0.0, 0.0, 0.0, -200.0], [0.0, 0.0, 0.0, -200.0], [0.0, 0.0, 0.0, -200.0], [0.0, 0.0, 0.0, -200.0], [0.0, 0.0, 0.0, -200.0], [0.0, 0.0, 0.0, -200.0], [0.0, 0.0, 0.0, -200.0], [0.0, 0.0, 0.0, -200.0], [0.0, 0.0, 0.0, 0.0], [0.0, 