{"timestamp": 1747905596, "station": "Smile FM", "fingerprint": [[0.5572276711463928, 0.5175138735995177, 0.47065269947052, -5.079346179962158], [0.5651153922080994, 0.5144823400033302, 0.48286062479019165, -4.957257270812988], [0.5809560418128967, 0.49376327203128084, 0.4995817542076111, -4.717134475708008], [0.5722852349281311, 0.49614062201535564, 0.4965267777442932, -4.84774923324585], [0.5656209588050842, 0.49781672648094816, 0.47895127534866333, -4.949490070343018], [0.5670649409294128, 0.5016749160939349, 0.4828451871871948, -4.927343845367432], [0.570495069026947, 0.5016637441179743, 0.4903952479362488, -4.874961853027344], [0.5847176313400269, 0.5173593639219011, 0.505976140499115, -4.661076068878174], [0.5541670918464661, 0.5110977388765214, 0.4660007357597351, -5.127185821533203], [0.5804214477539062, 0.5111218079276545, 0.4829480051994324, -4.725131034851074], [0.5736361742019653, 0.5045279328683169, 0.4800146222114563, -4.827269554138184], [0.5737773776054382, 0.5038066811053467, 0.4911484122276306, -4.825131416320801], [0.567143976688385, 0.5044984659011629, 0.4818870425224304, -4.926133632659912], [0.5740125775337219, 0.49292954875860073, 0.49384552240371704, -4.8215718269348145], [0.5640571117401123, 0.5108297426612732, 0.4883551597595215, -4.973538398742676], [0.5741356015205383, 0.5132736949546141, 0.48651111125946045, -4.819710731506348], [0.5602006912231445, 0.49529009747893876, 0.4729779362678528, -5.0331268310546875], [0.5586519241333008, 0.5013236030757122, 0.48082131147384644, -5.057173728942871], [0.5738382935523987, 0.5023010151125957, 0.4936450719833374, -4.824209690093994], [0.5616167187690735, 0.5095406986609495, 0.4699980616569519, -5.011199951171875], [0.5645802617073059, 0.5027986902999684, 0.48095935583114624, -4.9654860496521], [0.5706761479377747, 0.5074470845385587, 0.49573367834091187, -4.87220573425293], [0.5609852075576782, 0.48047909654211995, 0.4759104251861572, -5.020971775054932], [0.5904882550239563, 0.5024649216971055, 0.5083956718444824, -4.575774669647217], [0.5312188863754272, 0.4944141446944058, 0.440896213054657, -5.494529724121094], [0.5511506199836731, 0.5027086489358022, 0.4639056324958801, -5.174593925476074], [0.569509744644165, 0.49148528598241875, 0.48163825273513794, -4.889976501464844], [0.5441581010818481, 0.5004288474841664, 0.4531691074371338, -5.285497665405273], [0.5477209091186523, 0.504392671372391, 0.4563714861869812, -5.228814125061035], [0.5482050776481628, 0.49049809932539523, 0.462729811668396, -5.221138954162598], [0.5700207352638245, 0.5049180854688423, 0.4871656894683838, -4.8821868896484375], [0.558638334274292, 0.5055365030106186, 0.4772770404815674, -5.057385444641113], [0.5740766525268555, 0.5004804385729674, 0.49456411600112915, -4.8206024169921875], [0.5498650074005127, 0.48458787475794673, 0.464507520198822, -5.194878578186035], [0.5506101250648499, 0.49955993177696334, 0.4718366265296936, -5.1831159591674805], [0.5681929588317871, 0.4738876923364898, 0.4852943420410156, -4.910083293914795], [0.5717163681983948, 0.5003386715547203, 0.48967617750167847, -4.856387138366699], [0.5891222953796387, 0.5005432021792523, 0.5049517750740051, -4.595890998840332], [0.5662862062454224, 0.5046102506368045, 0.4813283681869507, -4.9392805099487305], [0.5773762464523315, 0.49032589429923495, 0.49586474895477295, -4.770821571350098], [0.5737389922142029, 0.4968665532973628, 0.49012964963912964, -4.82571268081665], [0.5774962902069092, 0.5071045576509244, 0.49650484323501587, -4.769015789031982], [0.5721827149391174, 0.49701985752310524, 0.4891816973686218, -4.849305629730225], [0.5655000805854797, 0.5089397235100072, 0.4803764224052429, -4.951346397399902], [0.5789756178855896, 0.497978006859922, 0.5021646618843079, -4.7467942237854], [0.575285017490387, 0.5049224096793021, 0.487542986869812, -4.802338600158691], [0.5791018009185791, 0.5034220363920286, 0.49961578845977783, -4.744901657104492], [0.552085816860199, 0.4896247426825798, 0.4679797887802124, -5.159868240356445], [0.5731778144836426, 0.507591941931441, 0.49152833223342896, -4.834212779998779], [0.5670182108879089, 0.4956795050860018, 0.4837832450866699, -4.928060054779053], [0.5787471532821655, 0.492157157544794, 0.49531131982803345, -4.750222682952881], [0.5707433223724365, 0.5030166073087302, 0.4927513003349304, -4.871183395385742], [0.564122200012207, 0.5001376962334351, 0.47911351919174194, -4.972536087036133], [0.5819292664527893, 0.5009835749918383, 0.5025919079780579, -4.702596187591553], [0.5728800296783447, 0.48959402881962466, 0.4922940731048584, -4.838726043701172], [0.5716602802276611, 0.5020701694473744, 0.4906896948814392, -4.857239723205566], [0.5498008131980896, 0.5057494539248729, 0.4656909704208374, -5.195892333984375], [0.5532066226005554, 0.5002725391992983, 0.4702901244163513, -5.142252445220947], [0.5689151287078857, 0.5057327394903145, 0.4845482110977173, -4.899050235748291], [0.5581364035606384, 0.5024103413185896, 0.46379417181015015, -5.065193176269531], [0.5714002847671509, 0.5057424517087438, 0.4941272735595703, -4.8611907958984375], [0.5567134022712708, 0.5023625155418516, 0.46607470512390137, -5.087366580963135], [0.5839540362358093, 0.5020782734425036, 0.5051431655883789, -4.672426700592041], [0.5690246224403381, 0.4882892818552095, 0.47879523038864136, -4.897378921508789], [0.5591996908187866, 0.5034176586398633, 0.474727988243103, -5.048661708831787], [0.5581316351890564, 0.505037904385858, 0.47585296630859375, -5.065267086029053], [0.5731154084205627, 0.5007024820658441, 0.4903337359428406, -4.835158348083496], [0.5703687071800232, 0.4995778844782865, 0.49057334661483765, -4.876886367797852], [0.568949282169342, 0.49552834701535675, 0.4817744493484497, -4.898529052734375], [0.5847335457801819, 0.49523267667898396, 0.505537748336792, -4.660839557647705], [0.5774144530296326, 0.4927517309404823, 0.503940999507904, -4.770246982574463], [0.5553531050682068, 0.488742727214532, 0.47577524185180664, -5.108615875244141], [0.5744723081588745, 0.4795902876645641, 0.49227696657180786, -4.814618110656738], [0.5816935896873474, 0.5032259182350562, 0.508374035358429, -4.706114768981934], [0.5648058652877808, 0.49612956091601823, 0.4818245768547058, -4.9620161056518555], [0.5769285559654236, 0.5015588890334735, 0.49522072076797485, -4.777559280395508], [0.5524019598960876, 0.5000651667592546, 0.4727025032043457, -5.154895782470703], [0.5510478615760803, 0.4823225569955261, 0.46422386169433594, -5.176213264465332], [0.569021463394165, 0.4888325240727379, 0.4835911989212036, -4.897427082061768], [0.5669467449188232, 0.5021679526785363, 0.49369752407073975, -4.929154872894287], [0.5575075745582581, 0.5003891089745484, 0.47702205181121826, -5.074984550476074], [0.5399153828620911, 0.4934642851546014, 0.453583300113678, -5.353486061096191], [0.5529502034187317, 0.5003586272435311, 0.4645513892173767, -5.146279335021973], [0.5485015511512756, 0.5083822092464583, 0.45569974184036255, -5.216443061828613], [0.5624464154243469, 0.4967718560056776, 0.4724966287612915, -4.998376846313477], [0.5867690443992615, 0.5137469185601667, 0.5035840272903442, -4.6306562423706055], [0.5742229223251343, 0.5058533521599743, 0.49992311000823975, -4.818389415740967], [0.5649459362030029, 0.4832809671718154, 0.4817790985107422, -4.959862232208252], [0.582927942276001, 0.4826811848280925, 0.5072607398033142, -4.687702655792236], [0.571383535861969, 0.5025512854815125, 0.49734973907470703, -4.861445426940918], [0.5792104601860046, 0.4933107569748451, 0.49862486124038696, -4.743271827697754], [0.5702789425849915, 0.49297165316494895, 0.48725128173828125, -4.87825345993042], [0.5855674147605896, 0.4932865758063541, 0.5039888024330139, -4.648461818695068], [0.5616064667701721, 0.5035822044064074, 0.4724089503288269, -5.011358261108398], [0.5783355832099915, 0.4881595331341689, 0.5047544240951538, -4.756402015686035], [0.5775431990623474, 0.4954239539052939, 0.5013562440872192, -4.768310546875], [0.5617290139198303, 0.4902859160591894, 