{"timestamp": 1747905698, "station": "KFM", "fingerprint": [[0.5607998967170715, 0.4974945530107106, 0.4802936911582947, -5.023841381072998], [0.5662505626678467, 0.5117570786934723, 0.48060929775238037, -4.939826965332031], [0.5689737200737, 0.49294590111392983, 0.47625017166137695, -4.89815616607666], [0.5597048997879028, 0.5078409336930364, 0.47674840688705444, -5.040817737579346], [0.5522342920303345, 0.5000343949319109, 0.47156810760498047, -5.157532691955566], [0.5618789792060852, 0.49993918505795376, 0.4735284447669983, -5.007143974304199], [0.5741585493087769, 0.5094066135879888, 0.49306297302246094, -4.819363594055176], [0.571628749370575, 0.5039928467407376, 0.4838484525680542, -4.857718467712402], [0.5535398125648499, 0.4839138132381032, 0.4679698944091797, -5.137022972106934], [0.5639581084251404, 0.512107008463802, 0.4790758490562439, -4.975063323974609], [0.5757370591163635, 0.4829469285192721, 0.49648410081863403, -4.795516490936279], [0.5644253492355347, 0.503382716720336, 0.47837454080581665, -4.967869758605957], [0.5502392649650574, 0.4943180163906266, 0.46196281909942627, -5.188968181610107], [0.5469356179237366, 0.49332708958712335, 0.4555113911628723, -5.241275787353516], [0.5618124008178711, 0.502188724990274, 0.4784109592437744, -5.00817346572876], [0.5546462535858154, 0.5127119835174355, 0.47139668464660645, -5.119678497314453], [0.5627409815788269, 0.501275182601677, 0.4838516116142273, -4.993829250335693], [0.5737348198890686, 0.503065059360826, 0.49225080013275146, -4.825776100158691], [0.5794150233268738, 0.5225018217074869, 0.498627245426178, -4.74020528793335], [0.5576874613761902, 0.5076060343997084, 0.4773525595664978, -5.072182655334473], [0.5579816102981567, 0.5013084001873889, 0.47646433115005493, -5.067602157592773], [0.5654048323631287, 0.5014760509210779, 0.47529858350753784, -4.952809810638428], [0.5756085515022278, 0.5098713833499526, 0.4952582120895386, -4.797455310821533], [0.5825817584991455, 0.4976264852395336, 0.5084221363067627, -4.692862510681152], [0.5707494616508484, 0.4879465596273496, 0.49103981256484985, -4.871089935302734], [0.5795791149139404, 0.5046718665602837, 0.5013670921325684, -4.73774528503418], [0.5705518126487732, 0.4941715716365664, 0.487068772315979, -4.874098300933838], [0.5609081983566284, 0.4908025068117004, 0.4733680486679077, -5.0221638679504395], [0.5776569843292236, 0.5151780959547476, 0.49586158990859985, -4.766599655151367], [0.5348667502403259, 0.5042582800239493, 0.4479237198829651, -5.435088157653809], [0.5455114245414734, 0.5092293134410569, 0.45898640155792236, -5.263922691345215], [0.5668649673461914, 0.5089496366998904, 0.4874836802482605, -4.930407524108887], [0.5589436292648315, 0.5031639261053094, 0.4748382568359375, -5.052639961242676], [0.5722252130508423, 0.499892511421736, 0.48779767751693726, -4.848660469055176], [0.5658584237098694, 0.5061355481262723, 0.48323386907577515, -4.945844650268555], [0.5589563846588135, 0.5033048641541966, 0.47818446159362793, -5.052441596984863], [0.5820692181587219, 0.4954692045320227, 0.5008378028869629, -4.700507164001465], [0.5583363175392151, 0.49950747847963256, 0.46920090913772583, -5.062082290649414], [0.5656218528747559, 0.5070053453582418, 0.486309289932251, -4.94947624206543], [0.5734509825706482, 0.514498010369404, 0.49590450525283813, -4.830073833465576], [0.5743167996406555, 0.47992545211676746, 0.49484866857528687, -4.816969871520996], [0.5445667505264282, 0.49902792795955336, 0.45829343795776367, -5.278977870941162], [0.5794212222099304, 0.5090132396053415, 0.5022954940795898, -4.7401123046875], [0.5532616972923279, 0.49551465188066013, 0.47616058588027954, -5.141387939453125], [0.5765414237976074, 0.49206991306566666, 0.4980577230453491, -4.783389568328857], [0.5556158423423767, 0.49978403413774186, 0.47078388929367065, -5.104507923126221], [0.565098762512207, 0.5079207455797214, 0.4863792061805725, -4.957512855529785], [0.5792346596717834, 0.4953353933840053, 0.4976465106010437, -4.742908954620361], [0.5473825335502625, 0.48170437779494774, 0.46714144945144653, -5.2341814041137695], [0.5435882806777954, 0.5119873024894857, 0.46089184284210205, -5.294598579406738], [0.5889260172843933, 0.5042405816351562, 0.501361072063446, -4.598784923553467], [0.5644379258155823, 0.5040164920741651, 0.478638231754303, -4.967676162719727], [0.5653824806213379, 0.5058678470420275, 0.48446381092071533, -4.953153133392334], [0.5530698895454407, 0.516039152783382, 0.47112345695495605, -5.144399642944336], [0.5750709772109985, 0.5027748033081291, 0.49165499210357666, -4.80557107925415], [0.5641165375709534, 0.5076600801913123, 0.4806331992149353, -4.972623348236084], [0.5455833673477173, 0.4909888149427153, 0.4639214277267456, -5.262777805328369], [0.547175943851471, 0.5088512820411355, 0.456454873085022, -5.237460136413574], [0.5659639835357666, 0.5009692728684385, 0.48172199726104736, -4.944223880767822], [0.5534932017326355, 0.5091452452798622, 0.464372456073761, -5.137753963470459], [0.5578811168670654, 0.5050974410762009, 0.465381920337677, -5.069167137145996], [0.5664320588111877, 0.5070471891361282, 0.48274314403533936, -4.9370436668396], [0.5643748641014099, 0.49659537184422253, 0.4802907705307007, -4.968647003173828], [0.5633876323699951, 0.4984562710576192, 0.4819962978363037, -4.983853816986084], [0.5609015822410583, 0.5006873064330912, 0.48168885707855225, -5.022266387939453], [0.5664171576499939, 0.5065304809502841, 0.48489707708358765, -4.937272071838379], [0.5594537258148193, 0.4946190491584527, 0.4750029444694519, -5.044716835021973], [0.5532814860343933, 0.5086673128459271, 0.46915245056152344, -5.141077041625977], [0.5705004930496216, 0.49714004467547895, 0.48909223079681396, -4.874879360198975], [0.5565023422241211, 0.5120686604565733, 0.471081018447876, -5.090660095214844], [0.5785509943962097, 0.5037757553242946, 0.48951518535614014, -4.753167152404785], [0.5541827082633972, 0.49813281827806594, 0.4716838598251343, -5.126940727233887], [0.4172039031982422, 0.5062529284248906, 0.2541743516921997, -7.5930328369140625], [0.0, 0.0, 0.0, -200.0], [0.0, 0.0, 0.0, -200.0], [0.0, 0.0, 0.0, -200.0], [0.0, 0.0, 0.0, -200.0], [0.0, 0.0, 0.0, -200.0], [0.0, 0.0, 0.0, -200.0], [0.0, 0.0, 0.0, -200.0], [0.0, 0.0, 0.0, -200.0], [0.0, 0.0, 0.0, -200.0], [0.0, 0.0, 0.0, -200.0], [0.0, 0.0, 0.0, -200.0], [0.0, 0.0, 0.0, -200.0], [0.0, 0.0, 0.0, -200.0], [0.0, 0.0, 0.0, -200.0], [0.0, 0.0, 0.0, -200.0], [0.0, 0.0, 0.0, -200.0], [0.0, 0.0, 0.0, -200.0], [0.0, 0.0, 0.0, -200.0], [0.0, 0.0, 0.0, -200.0], [0.0, 0.0, 0.0, -200.0], [0.0, 0.0, 0.0, -200.0], [0.0, 0.0, 0.0, -200.0], [0.0, 0.0, 0.0, -200.0], [0.0, 0.0, 0.0, -200.0], [0.0, 0.0, 0.0, -200.0], [0.0, 0.0, 0.0, -200.0], [0.0, 0.0, 0.0, -200.0], [0.0, 0.0, 0.0, -200.0], [0.0, 0.0, 0.0, -200.0], [0.0, 0.0, 0.0, -200.0], [0.0, 0.0, 0.0, -200.0], [0.0, 0.0, 0.0, -200.0], [0.0, 0.0, 0.0, -200.0], [0.0, 0.0, 0.0, -200.0], [0.0, 0.0, 0.0, -200.0], [0.0, 0.0, 0.0, -200.0], [0.0, 0.0, 0.0, -200.0], [0.0, 0.0, 0.0, -200.0], [0.0, 0.0, 0.0, -200.0], [0.0, 0.0, 0.0, -200.0], [0.0, 0.0, 0.0, -200.0], [0.0, 0.0, 0.0, -200.0], [0.0, 0.0, 0.0, -200.0], [0.0, 0.0, 0.0, -200.0], [0.0, 0.0, 0.0, -200.0], [0.0, 0.0, 0.0, -200.0], [0.0, 0.0, 0.0, -200.0], [0.0, 0.0, 0.0, -200.0], [0.0, 0.0, 0.0, -200.0], [0.0, 0.0, 0.0, -200.0], [0.0, 0.0, 0.0, -200.0], [0.0, 0.0, 0.0, -200.0], [0.0, 0.0, 0.0, -200.0], [0.0, 0.0, 0.0, -200.0], [0.0, 0.0, 0.0, -200.0], [0.0, 0.0, 0.0, -200.0], [0.0, 0.0, 0.0, -200.0], [0.0, 0.0, 0.0, -200.0], [0.0, 0.0, 0.0, -200.0], [0.0, 0.0, 0.0, -200.0], [0.0, 0.0, 0.0, -200.0], [0.0, 0.0, 0.0, -200.0], [0.0, 0.0, 0.0, -200.0], [0.0, 0.0, 0.0, -200.0], [0.0, 0.0, 0.0, -200.0], [0.0, 0.0, 0.0, -200.0], [0.0, 0.0, 0.0, -200.0], [0.0, 0.0, 0.0, -200.0], [0.0, 0.0, 0.0, -200.0], [0.0, 0.0, 0.0, -200.0], [0.0, 0.0, 0.0, -200.0], [0.0, 0.0, 0.0, -200.0], [0.0, 0.0, 0.0, -200.0], [0.0, 0.0, 0.0, -200.0], [0.0, 0.0, 0.0, -200.0], [0.0, 0.0, 0.0, -200.0], [0.0, 0.0, 0.0, -200.0], [0.0, 0.0,