{"timestamp": 1747905684, "station": "Smile FM", "fingerprint": [[0.5710177421569824, 0.5004124677039085, 0.4903978705406189, -4.867008209228516], [0.5707040429115295, 0.5053297355715888, 0.49195557832717896, -4.871780872344971], [0.5676412582397461, 0.5022122570192956, 0.4884975552558899, -4.918520927429199], [0.5873187780380249, 0.5019712764321718, 0.5059345364570618, -4.622522354125977], [0.5757305026054382, 0.5036643477634777, 0.5016381144523621, -4.795615196228027], [0.5823103785514832, 0.5062761728087625, 0.49886608123779297, -4.696909427642822], [0.5781042575836182, 0.4940955302780086, 0.4937524199485779, -4.759876728057861], [0.582977831363678, 0.5014561975500251, 0.4992792010307312, -4.686959266662598], [0.572076678276062, 0.5020299299802911, 0.49501633644104004, -4.85091495513916], [0.5861544609069824, 0.4995903361973258, 0.5036724805831909, -4.639758586883545], [0.5633200407028198, 0.4994437481804454, 0.4854627847671509, -4.984895706176758], [0.5695537328720093, 0.49037511593298455, 0.4890378713607788, -4.88930606842041], [0.5783615708351135, 0.5034933376227078, 0.5043103694915771, -4.756011486053467], [0.5752008557319641, 0.49492530866857515, 0.4957205057144165, -4.803609371185303], [0.5634216070175171, 0.5089792756516575, 0.4769976735115051, -4.983330249786377], [0.5846227407455444, 0.49895924164503397, 0.5029553771018982, -4.6624860763549805], [0.5934500694274902, 0.49718406754490596, 0.5103386640548706, -4.532316207885742], [0.5816317796707153, 0.5026837430938674, 0.5019173622131348, -4.707037448883057], [0.5465027689933777, 0.5105539648369026, 0.46281206607818604, -5.248152732849121], [0.579598069190979, 0.488043994208498, 0.4912838339805603, -4.737461566925049], [0.5627092719078064, 0.49362647134528187, 0.482799232006073, -4.99431848526001], [0.5907377600669861, 0.5126221895213756, 0.511498749256134, -4.572105407714844], [0.5978594422340393, 0.5027613535745643, 0.5243289470672607, -4.468018054962158], [0.5585063695907593, 0.5104100016569765, 0.4727265238761902, -5.059437274932861], [0.5719373226165771, 0.5098406749134196, 0.49721771478652954, -4.853031158447266], [0.5743893980979919, 0.5067119890736046, 0.4945515990257263, -4.815871715545654], [0.5632120966911316, 0.5016748383173799, 0.4781321883201599, -4.986560821533203], [0.5687658786773682, 0.5038648005581396, 0.4803140163421631, -4.901329040527344], [0.5726639628410339, 0.5018200441581866, 0.4954649806022644, -4.842002868652344], [0.5485075116157532, 0.4942101644287013, 0.4660564661026001, -5.216348171234131], [0.5835541486740112, 0.512946727890607, 0.5072655081748962, -4.678377151489258], [0.5677182078361511, 0.5122339973211204, 0.48481130599975586, -4.917343616485596], [0.5565703511238098, 0.49793833436032825, 0.4741255044937134, -5.089598655700684], [0.5739038586616516, 0.507200141192144, 0.49746274948120117, -4.823216915130615], [0.5815626978874207, 0.5032622129641563, 0.5024313926696777, -4.708069324493408], [0.5756313800811768, 0.5128541710728464, 0.4975016117095947, -4.7971110343933105], [0.5823063254356384, 0.5003789947914827, 0.5032662153244019, -4.696969985961914], [0.5631163120269775, 0.4970209999225907, 0.47989511489868164, -4.988038063049316], [0.5648863911628723, 0.5115765363157463, 0.48276811838150024, -4.960777759552002], [0.5718841552734375, 0.4859586983135679, 0.4883958101272583, -4.853838920593262], [0.5853184461593628, 0.505125217176362, 0.5108870267868042, -4.652155876159668], [0.5692141056060791, 0.4944568320060462, 0.47965294122695923, -4.894486904144287], [0.5779478549957275, 0.5066021465644684, 0.5000958442687988, -4.7622270584106445], [0.5866233706474304, 0.5006499051081774, 0.5085729956626892, -4.6328125], [0.5722262859344482, 0.4918527998267121, 0.49221402406692505, -4.848643779754639], [0.577649712562561, 0.498762941634984, 0.4972569942474365, -4.766708850860596], [0.5847236514091492, 0.4922342054454128, 0.5057048201560974, -4.66098690032959], [0.5649200081825256, 0.5236488932366882, 0.48616063594818115, -4.96026086807251], [0.57686448097229, 0.4922447085718331, 0.4986576437950134, -4.778523921966553], [0.5687487125396729, 0.4973032473619723, 0.48794156312942505, -4.9015913009643555], [0.5806971192359924, 0.48975441865560926, 0.5028237700462341, -4.721006393432617], [0.5737997889518738, 0.5133422932527314, 0.4935101866722107, -4.824792385101318], [0.5678671598434448, 0.49292404307703497, 0.49103134870529175, -4.915064811706543], [0.5860119462013245, 0.512974317596882, 0.5091509222984314, -4.641870498657227], [0.5733574628829956, 0.5067333756708684, 0.4938490390777588, -4.831490516662598], [0.5693357586860657, 0.5033953501184566, 0.49346309900283813, -4.8926310539245605], [0.5937721133232117, 0.4858967949182712, 0.518614649772644, -4.527604103088379], [0.5770397186279297, 0.5011866711127263, 0.5042354464530945, -4.775886058807373], [0.5646821856498718, 0.5014026245332676, 0.485698401927948, -4.963918209075928], [0.5601305961608887, 0.4997777357932187, 0.4742248058319092, -5.034214019775391], [0.5743169188499451, 0.4912160933400836, 0.4944533109664917, -4.816967964172363], [0.5697820782661438, 0.4995024843180422, 0.4883262515068054, -4.885824203491211], [0.5794826149940491, 0.4987380257953115, 0.49786168336868286, -4.739192008972168], [0.5682953000068665, 0.49539095961932933, 0.49477195739746094, -4.9085187911987305], [0.5732969045639038, 0.4920455590752749, 0.49313539266586304, -4.8324079513549805], [0.5656569004058838, 0.4916174508651461, 0.48513972759246826, -4.948938369750977], [0.5760396122932434, 0.5040425397526335, 0.5001531839370728, -4.790953159332275], [0.5774034857749939, 0.49716434033428547, 0.49980634450912476, -4.770411968231201], [0.5796821117401123, 0.5066559115521069, 0.5028589963912964, -4.736202239990234], [0.5720651149749756, 0.4924610706233193, 0.48550349473953247, -4.851090431213379], [0.57981276512146, 0.5073471007599206, 0.5001354217529297, -4.7342448234558105], [0.5649347305297852, 0.4886143316649708, 0.4838818907737732, -4.960034370422363], [0.5691450238227844, 0.4982015687292738, 0.48714005947113037, -4.895541191101074], [0.5806168913841248, 0.4829614050284336, 0.5052829384803772, -4.7222065925598145], [0.5827561616897583, 0.4968042864215131, 0.5048706531524658, -4.690262317657471], [0.5732066631317139, 0.5004143060890845, 0.494165301322937, -4.833775520324707], [0.5818271040916443, 0.49123989077931834, 0.504972517490387, -4.704121112823486], [0.5819477438926697, 0.5002611105931958, 0.5025713443756104, -4.702320098876953], [0.5788407325744629, 0.5166379974456596, 0.5032610893249512, -4.748818397521973], [0.5717054605484009, 0.49678825779053426, 0.4910041093826294, -4.856553077697754], [0.5641074180603027, 0.49459194147449886, 0.48909616470336914, -4.972763538360596], [0.5767915844917297, 0.48002863637597654, 0.5019233226776123, -4.779621601104736], [0.561762809753418, 0.4979765284817065, 0.48168742656707764, -5.00894021987915], [0.5714641213417053, 0.4874311147825168, 0.4916101098060608, -4.860220432281494], [0.5702140927314758, 0.49511397356566866, 0.48585569858551025, -4.879240989685059], [0.5791176557540894, 0.5092120288495819, 0.5062029957771301, -4.744663715362549], [0.5787834525108337, 0.4953187771122032, 0.4975963234901428, -4.749677658081055], [0.5697003602981567, 0.4968351414855848, 0.4878833293914795, -4.887070178985596], [0.5664903521537781, 0.4932176268866418, 0.4896780848503113, -4.936149597167969], [0.5834278464317322, 0.49351833881864837, 0.5036234855651855, -4.6802568435668945], [0.5645688772201538, 0.49830847142758805, 0.4847051501274109, -4.965661525726318], [0.5761199593544006, 0.5003599533752959, 0.4970257878303528, -4.789741516113281], [0.557468056678772, 0.512787061812519, 0.470500648021698, -5.0756001472473145], [0.5929897427558899, 0.49763407128730086, 0.5129131078720093, -4.539056301116943], [0.5794540643692017, 0.5117349092961253, 0.5043767690658569, -4.739619731903076], [0.575036346912384, 0.49272580700981455, 0.493680477142334, -4.806094169616699], [0.558943510055542, 0.49776766202390743, 