{"timestamp": 1747905577, "station": "KFM", "fingerprint": [[0.5586650371551514, 0.48790074506353076, 0.47412818670272827, -5.056970119476318], [0.5726306438446045, 0.48538664902642, 0.4938732981681824, -4.842508316040039], [0.5499768257141113, 0.5037137483788008, 0.4597907066345215, -5.193112373352051], [0.5625841021537781, 0.49710409871943856, 0.4835958480834961, -4.996251106262207], [0.5670186281204224, 0.5081537621113812, 0.4815900921821594, -4.928053379058838], [0.5806999206542969, 0.49725189369951683, 0.4980344772338867, -4.7209649085998535], [0.5855377912521362, 0.5043500102229196, 0.5096324682235718, -4.648901462554932], [0.5737496018409729, 0.4944636556793445, 0.48922646045684814, -4.825551986694336], [0.5791520476341248, 0.511459375772432, 0.4988971948623657, -4.744147777557373], [0.5583021640777588, 0.49815520153498183, 0.47338974475860596, -5.062613487243652], [0.5673577785491943, 0.49349405682890496, 0.48320138454437256, -4.9228596687316895], [0.5634613633155823, 0.49263401758167796, 0.4782690405845642, -4.982717037200928], [0.5566452145576477, 0.5001808582007341, 0.47517794370651245, -5.088430404663086], [0.5340239405632019, 0.49404544188045424, 0.44506317377090454, -5.448785305023193], [0.5420021414756775, 0.5086043484444411, 0.4460585117340088, -5.319979667663574], [0.5768795609474182, 0.5097521108241234, 0.49189460277557373, -4.778296947479248], [0.5639466643333435, 0.49008808506147306, 0.4802454113960266, -4.975239276885986], [0.5526240468025208, 0.5045795570529281, 0.46439558267593384, -5.15140438079834], [0.5585286021232605, 0.5060638353491083, 0.47050929069519043, -5.059091567993164], [0.5357710123062134, 0.505196433180778, 0.45125508308410645, -5.420415878295898], [0.5730311274528503, 0.5028737543149637, 0.4902743697166443, -4.836435794830322], [0.5815640687942505, 0.5058815698015116, 0.5059064626693726, -4.7080488204956055], [0.5790668725967407, 0.4907515034195505, 0.4965156316757202, -4.745425701141357], [0.5544593930244446, 0.4834510488090059, 0.4685003161430359, -5.122604846954346], [0.5604594349861145, 0.5014656104343628, 0.4704126715660095, -5.029116153717041], [0.5417832136154175, 0.512844172248785, 0.4492216110229492, -5.323489189147949], [0.57620769739151, 0.4995567116600892, 0.4921632409095764, -4.788418769836426], [0.5413830876350403, 0.5074047183908176, 0.44798392057418823, -5.329906463623047], [0.5765224099159241, 0.5098673125043444, 0.49526965618133545, -4.7836761474609375], [0.5714277029037476, 0.4934095717032857, 0.48492711782455444, -4.860774040222168], [0.5675048232078552, 0.4894576510809799, 0.4942423105239868, -4.920608997344971], [0.5801981091499329, 0.49814788201703775, 0.4957035779953003, -4.728473663330078], [0.5862358212471008, 0.4876422909280523, 0.5066389441490173, -4.638553142547607], [0.5836669206619263, 0.500546808356232, 0.498518705368042, -4.676698684692383], [0.5431764125823975, 0.5000261410859312, 0.4525952935218811, -5.301181793212891], [0.5596458315849304, 0.4967725028596779, 0.4790669083595276, -5.04173469543457], [0.5432625412940979, 0.4931132326584337, 0.4487784504890442, -5.2998046875], [0.5545990467071533, 0.4984736325995361, 0.4703911542892456, -5.120417594909668], [0.5543723106384277, 0.5003925266303095, 0.4747898578643799, -5.123969078063965], [0.563774585723877, 0.49986481756600715, 0.48042434453964233, -4.9778900146484375], [0.5869879126548767, 0.50363219291714, 0.5099064707756042, -4.627416610717773], [0.5725858807563782, 0.49355470299824017, 0.48944979906082153, -4.84318733215332], [0.5738306045532227, 0.49775853036004114, 0.4907701015472412, -4.8243255615234375], [0.5702611804008484, 0.49932908440735824, 0.48435795307159424, -4.878523826599121], [0.569755494594574, 0.5035587408819843, 0.48692017793655396, -4.886229515075684], [0.5825621485710144, 0.49258837051408966, 0.4960417151451111, -4.693154811859131], [0.5740829110145569, 0.5203824224021054, 0.4892042875289917, -4.820507526397705], [0.5462002158164978, 0.5081526683211983, 0.4516140818595886, -5.252962589263916], [0.5516050457954407, 0.4927617354063332, 0.4633936882019043, -5.167435646057129], [0.5754500031471252, 0.5005845380322868, 0.4913087487220764, -4.7998480796813965], [0.5526054501533508, 0.5105028075060517, 0.4671134948730469, -5.151696681976318], [0.5528533458709717, 0.506203319398482, 0.46759462356567383, -5.147800922393799], [0.5759141445159912, 0.4883792684991154, 0.4961244463920593, -4.792845249176025], [0.5648840665817261, 0.5075251341739914, 0.4844614267349243, -4.960813522338867], [0.5578645467758179, 0.4949923290304984, 0.4674774408340454, -5.069424629211426], [0.5591122508049011, 0.504615275212047, 0.4765970706939697, -5.05001974105835], [0.5720060467720032, 0.5140801662224868, 0.4869540333747864, -4.851987838745117], [0.5507652163505554, 0.47919028813650355, 0.458957314491272, -5.180669784545898], [0.5612950325012207, 0.4915749134254101, 0.4722501039505005, -5.016176223754883], [0.5445797443389893, 0.47976226655044707, 0.45189088582992554, -5.278770446777344], [0.5722296833992004, 0.5131782448637057, 0.48942291736602783, -4.848592281341553], [0.5676981210708618, 0.5113274876900039, 0.48593175411224365, -4.9176506996154785], [0.5731265544891357, 0.492400465437965, 0.4850398898124695, -4.834989547729492], [0.5801456570625305, 0.4864533600762983, 0.49891793727874756, -4.729259014129639], [0.566070020198822, 0.4929403333363584, 0.48478633165359497, -4.942596912384033], [0.5620983839035034, 0.501465707333344, 0.47651493549346924, -5.003753185272217], [0.5772981643676758, 0.5060188974146973, 0.4925693869590759, -4.77199649810791], [0.5886785387992859, 0.5056148778173598, 0.505100429058075, -4.602436065673828], [0.5619028806686401, 0.5113954170222305, 0.47744137048721313, -5.00677490234375], [0.0, 0.0, 0.0, -200.0], [0.0, 0.0, 0.0, -200.0], [0.0, 0.0, 0.0, -200.0], [0.0, 0.0, 0.0, -200.0], [0.0, 0.0, 0.0, -200.0], [0.0, 0.0, 0.0, -200.0], [0.0, 0.0, 0.0, -200.0], [0.0, 0.0, 0.0, -200.0], [0.0, 0.0, 0.0, -200.0], [0.0, 0.0, 0.0, -200.0], [0.0, 0.0, 0.0, -200.0], [0.0, 0.0, 0.0, -200.0], [0.0, 0.0, 0.0, -200.0], [0.0, 0.0, 0.0, -200.0], [0.0, 0.0, 0.0, -200.0], [0.0, 0.0, 0.0, -200.0], [0.0, 0.0, 0.0, -200.0], [0.0, 0.0, 0.0, -200.0], [0.0, 0.0, 0.0, -200.0], [0.0, 0.0, 0.0, -200.0], [0.0, 0.0, 0.0, -200.0], [0.0, 0.0, 0.0, -200.0], [0.0, 0.0, 0.0, -200.0], [0.0, 0.0, 0.0, -200.0], [0.0, 0.0, 0.0, -200.0], [0.0, 0.0, 0.0, -200.0], [0.0, 0.0, 0.0, -200.0], [0.0, 0.0, 0.0, -200.0], [0.0, 0.0, 0.0, -200.0], [0.0, 0.0, 0.0, -200.0], [0.0, 0.0, 0.0, -200.0], [0.0, 0.0, 0.0, -200.0], [0.0, 0.0, 0.0, -200.0], [0.0, 0.0, 0.0, -200.0], [0.0, 0.0, 0.0, -200.0], [0.0, 0.0, 0.0, -200.0], [0.0, 0.0, 0.0, -200.0], [0.0, 0.0, 0.0, -200.0], [0.0, 0.0, 0.0, -200.0], [0.0, 0.0, 0.0, -200.0], [0.0, 0.0, 0.0, -200.0], [0.0, 0.0, 0.0, -200.0], [0.0, 0.0, 0.0, -200.0], [0.0, 0.0, 0.0, -200.0], [0.0, 0.0, 0.0, -200.0], [0.0, 0.0, 0.0, -200.0], [0.0, 0.0, 0.0, -200.0], [0.0, 0.0, 0.0, -200.0], [0.0, 0.0, 0.0, -200.0], [0.0, 0.0, 0.0, -200.0], [0.0, 0.0, 0.0, -200.0], [0.0, 0.0, 0.0, -200.0], [0.0, 0.0, 0.0, -200.0], [0.0, 0.0, 0.0, -200.0], [0.0, 0.0, 0.0, -200.0], [0.0, 0.0, 0.0, -200.0], [0.0, 0.0, 0.0, -200.0], [0.0, 0.0, 0.0, -200.0], [0.0, 0.0, 0.0, -200.0], [0.0, 0.0, 0.0, -200.0], [0.0, 0.0, 0.0, -200.0], [0.0, 0.0, 0.0, -200.0], [0.0, 0.0, 0.0, -200.0], [0.0, 0.0, 0.0, -200.0], [0.0, 0.0, 0.0, -200.0], [0.0, 0.0, 0.0, -200.0], [0.0, 0.0, 0.0, -200.0], [0.0, 0.0, 0.0, -200.0], [0.0, 0.0, 0.0, -200.0], [0.0, 0.0, 0.0, -200.0], [0.0, 0.0, 0.0, -200.0], [0.0, 0.0, 0.0, -200.0], [0.0, 0.0, 0.0, -200.0], [0.0, 0.0, 0.0, -200.0], [0.0, 0.0, 0.0, -200.0], [0.0, 0.0, 0.0, -200.0], [0.0, 0.0, 0.0, -200.0], [0.0, 0.0, 0.0, -200.0], [0.0, 0.0, 0.0, -200.0], [0.0, 0.0, 0.0, -200.0], [0.0, 0.0, 0.0, -200.0], [0.0, 0.0, 0.0, -200.0], [0.0, 0.0, 0.0, -200.0], [0.0, 0.0, 0.0, -200.0], [0.0, 0.0, 0.0, -200.0], [0.0, 0.0, 0.0, -200.0], [0.0, 0.0, 0.0, -200.0], [0.0, 0.0, 0.0, 0.0], [0.0, 0.0, 0.0, 0.0], [0.0, 0.0, 0.0, 0.0], [0.0, 0.0, 0.0, 0.0], 