{"timestamp": 1747905554, "station": "Smile FM", "fingerprint": [[0.557019829750061, 0.5069219440179473, 0.4691976308822632, -5.082587242126465], [0.5780971050262451, 0.4898330505216311, 0.500138521194458, -4.759984016418457], [0.5778000950813293, 0.48534320603657, 0.49932777881622314, -4.7644476890563965], [0.5600137114524841, 0.5098025014799084, 0.47778427600860596, -5.036026954650879], [0.5532082319259644, 0.5046953623507016, 0.46253401041030884, -5.1422271728515625], [0.5791115760803223, 0.4851315168813906, 0.49392563104629517, -4.744754791259766], [0.5595415234565735, 0.4872439650420042, 0.4792882204055786, -5.04335355758667], [0.5658297538757324, 0.5051876529652952, 0.487779438495636, -4.946284294128418], [0.5715857148170471, 0.4905093649637761, 0.48650020360946655, -4.858372688293457], [0.5638965368270874, 0.4940223336609278, 0.48271167278289795, -4.976011276245117], [0.5949773788452148, 0.5074233702012774, 0.5213853716850281, -4.509990692138672], [0.5716257095336914, 0.5016383391014796, 0.49769026041030884, -4.857764720916748], [0.5862559676170349, 0.48365443746314296, 0.5048683881759644, -4.638254165649414], [0.5658471584320068, 0.5125802296190721, 0.4861376881599426, -4.946017265319824], [0.5691055059432983, 0.4929226137307011, 0.48889124393463135, -4.896144390106201], [0.5483429431915283, 0.4966764177289052, 0.46794283390045166, -5.218954563140869], [0.5624021887779236, 0.4995766418324544, 0.47294020652770996, -4.999060153961182], [0.5604922771453857, 0.4968633407082902, 0.47896289825439453, -5.028607368469238], [0.5773261189460754, 0.4979726332966304, 0.500983715057373, -4.771575927734375], [0.567081093788147, 0.4929944661795742, 0.4845796823501587, -4.927096843719482], [0.5733098983764648, 0.5050147307223443, 0.49029552936553955, -4.832211017608643], [0.5683959126472473, 0.5013554035661835, 0.4882718324661255, -4.906980991363525], [0.5734419822692871, 0.49774473719568346, 0.4921969175338745, -4.830210208892822], [0.5672171711921692, 0.49671886472942167, 0.4874252676963806, -4.925012588500977], [0.5863367319107056, 0.48980983485625995, 0.5117844939231873, -4.637058258056641], [0.5465613603591919, 0.4777867893233456, 0.46514052152633667, -5.24722146987915], [0.5936451554298401, 0.5065677042041385, 0.5132588148117065, -4.52946138381958], [0.5790961384773254, 0.48844801483992506, 0.5016450881958008, -4.744986534118652], [0.56462562084198, 0.517754302677653, 0.4843432307243347, -4.964788436889648], [0.5727028846740723, 0.5181616110689437, 0.4915647506713867, -4.841412544250488], [0.5695036053657532, 0.4925550366635087, 0.49390077590942383, -4.89007043838501], [0.5886280536651611, 0.5042271023130929, 0.5055629014968872, -4.603180885314941], [0.5678237676620483, 0.4882836180681255, 0.4893258810043335, -4.915728569030762], [0.5502954721450806, 0.48731219724811164, 0.46762001514434814, -5.18808126449585], [0.5859851241111755, 0.4912136112152182, 0.5051953792572021, -4.642268180847168], [0.577917754650116, 0.5012411901668935, 0.5016756057739258, -4.762679100036621], [0.5808567404747009, 0.48475210868241086, 0.5076400637626648, -4.718619346618652], [0.5723769664764404, 0.488419994876919, 0.4930562973022461, -4.846357345581055], [0.6010112166404724, 0.4915004345494458, 0.5222867727279663, -4.422348499298096], [0.5625263452529907, 0.5062100528242548, 0.48478585481643677, -4.997142791748047], [0.5494838953018188, 0.4847250126320459, 0.4635269045829773, -5.200900554656982], [0.5674956440925598, 0.504852274973774, 0.48049837350845337, -4.920749187469482], [0.5740801095962524, 0.5011689548139657, 0.49337637424468994, -4.820549964904785], [0.5561689138412476, 0.49587533800764416, 0.47164201736450195, -5.095865726470947], [0.5676553249359131, 0.510479600879356, 0.49446260929107666, -4.918305397033691], [0.5783278942108154, 0.502220973835207, 0.5038869380950928, -4.756516933441162], [0.5596522688865662, 0.49763318732463585, 0.4784771800041199, -5.041634559631348], [0.5698137879371643, 0.5010923219609867, 0.49172037839889526, -4.885340690612793], [0.5686760544776917, 0.4838467528806931, 0.48648059368133545, -4.902700901031494], [0.56834477186203, 0.47277129887254377, 0.4906061291694641, -4.90776252746582], [0.5634870529174805, 0.4950779550454468, 0.4746633768081665, -4.982321262359619], [0.5664950609207153, 0.5084136828588695, 0.48324817419052124, -4.936077117919922], [0.574586808681488, 0.5117774791670058, 0.4882465600967407, -4.812887191772461], [0.559836745262146, 0.4860246782115954, 0.475188672542572, -5.038772106170654], [0.5601584911346436, 0.49851282860765106, 0.47709619998931885, -5.0337815284729], [0.5634759664535522, 0.5009277311345871, 0.4803621768951416, -4.982491970062256], [0.5617446899414062, 0.49024717546530777, 0.4754980802536011, -5.009220123291016], [0.5877318382263184, 0.49518905398668495, 0.5142727494239807, -4.616415500640869], [0.5694760084152222, 0.505402968177512, 0.4848359227180481, -4.890491485595703], [0.5868078470230103, 0.5000183856814272, 0.5145081281661987, -4.630081653594971], [0.5688443183898926, 0.49474967521240953, 0.48277318477630615, -4.900131702423096], [0.5706109404563904, 0.5001455368076287, 0.4902268648147583, -4.87319803237915], [0.5562756657600403, 0.49673012209680634, 0.4747956395149231, -5.094198703765869], [0.5443801879882812, 0.4998590104641702, 0.4583699703216553, -5.281953811645508], [0.5769646167755127, 0.5113160394629067, 0.5027080178260803, -4.7770161628723145], [0.5759097337722778, 0.49747653003210046, 0.4938531517982483, -4.792911529541016], [0.5809650421142578, 0.4977494333565621, 0.5003069639205933, -4.7170000076293945], [0.5569671988487244, 0.49756880878290755, 0.4775072932243347, -5.083407878875732], [0.5631988048553467, 0.4950145833334755, 0.48390328884124756, -4.986765384674072], [0.583306610584259, 0.5059078260412296, 0.5007734298706055, -4.682062149047852], [0.5848192572593689, 0.5074625270696267, 0.5021740198135376, -4.659566402435303], [0.5860669612884521, 0.49592665679346887, 0.5102973580360413, -4.641055107116699], [0.5784145593643188, 0.5061017946107712, 0.49500930309295654, -4.755215644836426], [0.5798308253288269, 0.5079734227144915, 0.5031753182411194, -4.733973979949951], [0.5654541254043579, 0.4964493732799123, 0.48863744735717773, -4.952052593231201], [0.5661104321479797, 0.5083183713182211, 0.48440051078796387, -4.941977024078369], [0.5732167959213257, 0.5042414209370212, 0.49018943309783936, -4.833621978759766], [0.5767596960067749, 0.49500670930586216, 0.49555766582489014, -4.780101776123047], [0.5764734745025635, 0.4923530738678086, 0.49629056453704834, -4.7844133377075195], [0.5676859021186829, 0.4958831043172916, 0.4933701753616333, -4.917837619781494], [0.566558837890625, 0.5123793122074716, 0.488003134727478, -4.9350996017456055], [0.5756933093070984, 0.5009892867178493, 0.49027514457702637, -4.796176433563232], [0.573590099811554, 0.48846436332429577, 0.48870205879211426, -4.827967166900635], [0.5760444402694702, 0.48307281395595436, 0.5006158351898193, -4.79088020324707], [0.5706477165222168, 0.4912562532289285, 0.487989604473114, -4.87263822555542], [0.5654097199440002, 0.48192664156151427, 0.48140692710876465, -4.95273494720459], [0.5660309791564941, 0.5023108447254161, 0.4873545169830322, -4.943195819854736], [0.5706464052200317, 0.4924656617199725, 0.49213290214538574, -4.8726582527160645], [0.5775488018989563, 0.483613233448324, 0.4946552515029907, -4.768226146697998], [0.5873114466667175, 0.5202439085215741, 0.5132647156715393, -4.622630596160889], [0.56963050365448, 0.4894405511504848, 0.49280285835266113, -4.888134956359863], [0.563930869102478, 0.5065447473654633, 0.47928154468536377, -4.97548246383667], [0.5890689492225647, 0.48972170624769157, 0.506278395652771, -4.596677303314209], [0.579700767993927, 0.5069515520676698, 0.501889169216156, -4.735922336578369], [0.5665076375007629, 0.5025970103470525, 0.48599451780319214, -4.935884475708008], [0.5512721538543701, 0.5169658835596389, 0.4696224331855774, -5.1726789474487305], [0.5727906227111816, 