{"timestamp": 1747905601, "station": "KFM", "fingerprint": [[0.5696051716804504, 0.5095473296984505, 0.4855636954307556, -4.888521194458008], [0.575148344039917, 0.5018927843865967, 0.49083101749420166, -4.8044023513793945], [0.5518247485160828, 0.5017943234830927, 0.46992701292037964, -5.163976669311523], [0.5683377981185913, 0.4847319197720594, 0.48418623208999634, -4.907869338989258], [0.5584544539451599, 0.5039186705756505, 0.4709821939468384, -5.060244560241699], [0.5635382533073425, 0.510048083939842, 0.47999608516693115, -4.981532096862793], [0.5712091326713562, 0.4850457801210234, 0.4872533082962036, -4.8640971183776855], [0.5454626679420471, 0.5009886399036879, 0.4670196771621704, -5.264699459075928], [0.5591878294944763, 0.5134554896524096, 0.4714163541793823, -5.048846244812012], [0.5634009838104248, 0.5051219831473346, 0.48173582553863525, -4.983648300170898], [0.5701532363891602, 0.5260735061776559, 0.48882514238357544, -4.8801679611206055], [0.5500482320785522, 0.5073380665821876, 0.4600377678871155, -5.1919846534729], [0.5733518004417419, 0.5068070264529182, 0.48937249183654785, -4.831576347351074], [0.5576469898223877, 0.4932999125213434, 0.47490161657333374, -5.072813034057617], [0.5695652961730957, 0.5039038675444134, 0.483289897441864, -4.889129638671875], [0.564428448677063, 0.5003232685472453, 0.4792925715446472, -4.967822074890137], [0.5613777041435242, 0.5154592023827077, 0.4764084219932556, -5.014896869659424], [0.557914674282074, 0.5153338855490587, 0.47254836559295654, -5.0686445236206055], [0.5586137771606445, 0.4937341863933993, 0.4765520691871643, -5.057766914367676], [0.5687653422355652, 0.49355395063688595, 0.48589271306991577, -4.901337623596191], [0.5609084963798523, 0.49882965979289623, 0.47167015075683594, -5.022159576416016], [0.5589491724967957, 0.48848928407236164, 0.4761114716529846, -5.052553176879883], [0.5575046539306641, 0.5108063451788517, 0.471322238445282, -5.075030326843262], [0.5939850807189941, 0.5085794858724686, 0.5115201473236084, -4.524489402770996], [0.5621246099472046, 0.5172077356664593, 0.4748164415359497, -5.003347873687744], [0.5511679649353027, 0.5138324854260519, 0.4630987048149109, -5.174321174621582], [0.5629402995109558, 0.5078508259022984, 0.48161178827285767, -4.990753173828125], [0.5729576349258423, 0.5070442394892894, 0.4877179265022278, -4.837550163269043], [0.5499891638755798, 0.5049250166858108, 0.4650830626487732, -5.192917823791504], [0.574015736579895, 0.5015286837919349, 0.49064362049102783, -4.821524143218994], [0.5759092569351196, 0.49702229968478173, 0.4905962347984314, -4.792918682098389], [0.559582531452179, 0.4996245567478302, 0.47433143854141235, -5.042716979980469], [0.5622155666351318, 0.4958792934684874, 0.47581249475479126, -5.0019426345825195], [0.5546478629112244, 0.4950006625487804, 0.46837013959884644, -5.119653224945068], [0.5627475380897522, 0.49899747291054686, 0.48198020458221436, -4.993727684020996], [0.547065794467926, 0.498097044861009, 0.46154266595840454, -5.239209175109863], [0.5830697417259216, 0.5012380191620763, 0.5022123456001282, -4.685589790344238], [0.5446344017982483, 0.5119786996767536, 0.4593210816383362, -5.27789831161499], [0.5559617280960083, 0.4937791845809894, 0.4725162386894226, -5.099102020263672], [0.5731102824211121, 0.5024517025617308, 0.49350035190582275, -4.835236072540283], [0.5655046105384827, 0.4952978602466801, 0.4868627190589905, -4.951277256011963], [0.5479537844657898, 0.5018383894664585, 0.46091628074645996, -5.22512149810791], [0.5420812368392944, 0.4997322726362332, 0.457608699798584, -5.3187127113342285], [0.5714280605316162, 0.5126181083281935, 0.49356937408447266, -4.860768795013428], [0.5967616438865662, 0.5021723587781022, 0.5172110795974731, -4.483982086181641], [0.5826534628868103, 0.501073569729736, 0.4999951720237732, -4.691793441772461], [0.575003445148468, 0.498893298009926, 0.4941858649253845, -4.806591033935547], [0.5924534201622009, 0.4896270513877089, 0.5147749185562134, -4.5469160079956055], [0.5782180428504944, 0.5033680666333704, 0.49960416555404663, -4.758167266845703], [0.5789520144462585, 0.5004924628065215, 0.5006397366523743, -4.747148513793945], [0.5775846838951111, 0.5086486204243624, 0.49742114543914795, -4.76768684387207], [0.5896242260932922, 0.503753337491591, 0.5141781568527222, -4.588493824005127], [0.5791262984275818, 0.49230476574749177, 0.5002735257148743, -4.744534015655518], [0.5544514656066895, 0.49099829228765013, 0.4734129309654236, -5.122729301452637], [0.5725777745246887, 0.5108272181734438, 0.49653398990631104, -4.843310356140137], [0.5705814957618713, 0.49457430256934815, 0.4888138175010681, -4.873646259307861], [0.5419023036956787, 0.4930842799203712, 0.4612361192703247, -5.321579933166504], [0.5771245360374451, 0.5091026890967414, 0.49779921770095825, -4.774609088897705], [0.5925869941711426, 0.4918526647169876, 0.5175797939300537, -4.544957637786865], [0.5920343995094299, 0.5060753837553791, 0.516068160533905, -4.553061008453369], [0.577900230884552, 0.5113726049156736, 0.4957723021507263, -4.762942314147949], [0.5605309009552002, 0.5100225706115163, 0.47925883531570435, -5.028008937835693], [0.561160683631897, 0.5053486156279159, 0.48252081871032715, -5.018255233764648], [0.5818580985069275, 0.4986129708994569, 0.502387285232544, -4.703658103942871], [0.5822813510894775, 0.4923552632212372, 0.5054988861083984, -4.697342395782471], [0.5748643279075623, 0.49963382134177925, 0.4970499873161316, -4.808692932128906], [0.5699441432952881, 0.508239535183207, 0.49436360597610474, -4.883354187011719], [0.5560580492019653, 0.4859935346642508, 0.47531843185424805, -5.097597122192383], [0.5791165232658386, 0.4928236893765596, 0.5013099908828735, -4.744680881500244], [0.5761200189590454, 0.5110086821807289, 0.4915722608566284, -4.789740562438965], [0.5890731811523438, 0.4986896585071365, 0.5126763582229614, -4.596614837646484], [0.42305922508239746, 0.4986824576395446, 0.25996309518814087, -7.4719767570495605], [0.0, 0.0, 0.0, -200.0], [0.0, 0.0, 0.0, -200.0], [0.0, 0.0, 0.0, -200.0], [0.0, 0.0, 0.0, -200.0], [0.0, 0.0, 0.0, -200.0], [0.0, 0.0, 0.0, -200.0], [0.0, 0.0, 0.0, -200.0], [0.0, 0.0, 0.0, -200.0], [0.0, 0.0, 0.0, -200.0], [0.0, 0.0, 0.0, -200.0], [0.0, 0.0, 0.0, -200.0], [0.0, 0.0, 0.0, -200.0], [0.0, 0.0, 0.0, -200.0], [0.0, 0.0, 0.0, -200.0], [0.0, 0.0, 0.0, -200.0], [0.0, 0.0, 0.0, -200.0], [0.0, 0.0, 0.0, -200.0], [0.0, 0.0, 0.0, -200.0], [0.0, 0.0, 0.0, -200.0], [0.0, 0.0, 0.0, -200.0], [0.0, 0.0, 0.0, -200.0], [0.0, 0.0, 0.0, -200.0], [0.0, 0.0, 0.0, -200.0], [0.0, 0.0, 0.0, -200.0], [0.0, 0.0, 0.0, -200.0], [0.0, 0.0, 0.0, -200.0], [0.0, 0.0, 0.0, -200.0], [0.0, 0.0, 0.0, -200.0], [0.0, 0.0, 0.0, -200.0], [0.0, 0.0, 0.0, -200.0], [0.0, 0.0, 0.0, -200.0], [0.0, 0.0, 0.0, -200.0], [0.0, 0.0, 0.0, -200.0], [0.0, 0.0, 0.0, -200.0], [0.0, 0.0, 0.0, -200.0], [0.0, 0.0, 0.0, -200.0], [0.0, 0.0, 0.0, -200.0], [0.0, 0.0, 0.0, -200.0], [0.0, 0.0, 0.0, -200.0], [0.0, 0.0, 0.0, -200.0], [0.0, 0.0, 0.0, -200.0], [0.0, 0.0, 0.0, -200.0], [0.0, 0.0, 0.0, -200.0], [0.0, 0.0, 0.0, -200.0], [0.0, 0.0, 0.0, -200.0], [0.0, 0.0, 0.0, -200.0], [0.0, 0.0, 0.0, -200.0], [0.0, 0.0, 0.0, -200.0], [0.0, 0.0, 0.0, -200.0], [0.0, 0.0, 0.0, -200.0], [0.0, 0.0, 0.0, -200.0], [0.0, 0.0, 0.0, -200.0], [0.0, 0.0, 0.0, -200.0], [0.0, 0.0, 0.0, -200.0], [0.0, 0.0, 0.0, -200.0], [0.0, 0.0, 0.0, -200.0], [0.0, 0.0, 0.0, -200.0], [0.0, 0.0, 0.0, -200.0], [0.0, 0.0, 0.0, -200.0], [0.0, 0.0, 0.0, -200.0], [0.0, 0.0, 0.0, -200.0], [0.0, 0.0, 0.0, -200.0], [0.0, 0.0, 0.0, -200.0], [0.0, 0.0, 0.0, -200.0], [0.0, 0.0, 0.0, -200.0], [0.0, 0.0, 0.0, -200.0], [0.0, 0.0, 0.0, -200.0], [0.0, 0.0, 0.0, -200.0], [0.0, 0.0, 0.0, -200.0], [0.0, 0.0, 0.0, -200.0], [0.0, 0.0, 0.0, -200.0], [0.0, 0.0, 0.0, -200.0], [0.0, 0.0, 0.0, -200.0], [0.0, 0.0, 0.0, -200.0], [0.0, 0.0, 0.0, -200.0], [0.0, 0.0, 0.0, -200.0], [0.0, 0.0, 0.0, -200.0], [0.0, 0.0, 0.0, -200.0], [0.0, 0.0, 0.0, -200.0], [0.0, 0.0, 0.0, -200.0], [0.0, 0.0, 